DIC, DIC2D, DIC2D, DIC2D, DIC2D, DIC2D, DIC2D, DIC2D, DIC2D, Log(Force 1), Log(Force 2), Log(Force 3), Log(Force 4), Log(Displacement 1), Log(Displacement 2), Log(Displacement 3), Log(Displacement 4), 
Frame Id, Location u [pix], Location u [pix], Location u [pix], Location u [pix], Location v [pix], Location v [pix], Location v [pix], Location v [pix], Force 1, Force 2, Force 3, Force 4, Displacement 1, Displacement 2, Displacement 3, Displacement 4, 
, s0, s1, s2, s3, s0, s1, s2, s3, N, N, N, N, mm, mm, mm, mm, 
 ,,,,,,,,,,,,,,,,,
1,1559.585813,1553.741541,1412.644109,1402.625357,1294.164038,1478.706625,1450.315457,1291.798107,0.10061,0.02826,0.00524,0.05785,0.00368,0.00401,0.00499,0.0142, 
2,1559.708498,1553.877931,1412.831641,1402.705853,1294.056155,1478.661087,1450.034011,1291.78907,0.10389,0.03155,0.00688,0.05621,0.00039,0.00434,0.00434,0.00828, 
3,1559.752983,1553.916944,1412.99452,1402.816825,1294.124136,1478.746488,1449.808279,1291.654554,0.10389,0.0299,0.00853,0.04799,-0.00093,0.00105,0.00532,0.01058, 
4,1559.27188,1553.847062,1412.746251,1402.639546,1294.011037,1478.828547,1450.260881,1291.497633,0.10389,0.03155,0.01017,0.05621,0.00631,0.00434,0.00598,0.01289, 
5,1559.541083,1553.977235,1412.906205,1403.029705,1293.717594,1478.895581,1449.952876,1291.226778,0.10718,0.03319,0.00853,0.05621,0.00467,0.00203,0.00401,0.00565, 
6,1559.80791,1553.834666,1412.859779,1403.029649,1293.622976,1478.889129,1449.939762,1290.998584,0.09896,0.02826,0.00524,0.05457,0.00861,0.00335,0.00467,0.00434, 
7,1559.969981,1553.875049,1412.916803,1403.115719,1293.727041,1479.013251,1449.832865,1291.1245,0.10389,0.02826,0.00359,0.05292,0.00598,0.00368,0.00401,0.00664, 
8,1559.950824,1553.982707,1412.90176,1402.936298,1293.671196,1478.878595,1449.73358,1290.980481,0.10225,0.02826,0.00524,0.04963,0.01289,0.00203,0.00467,0.00598, 
9,1560.182551,1553.761637,1412.943313,1402.953869,1293.761009,1478.726914,1449.830415,1291.067409,0.10554,0.02826,0.00688,0.05128,0.01354,0.00203,0.00467,0.00499, 
10,1560.173433,1553.841815,1412.946313,1402.994979,1293.732021,1478.496075,1449.776334,1291.013083,0.10061,0.02826,0.00524,0.05621,0.01354,0.00269,0.00499,0.00434, 
11,1560.080536,1554.003205,1413.027444,1403.12997,1293.626566,1478.538582,1449.640685,1290.891184,0.10718,0.0299,0.01017,0.05621,0.01749,0.00434,0.00532,0.00434, 
12,1560.108347,1553.942421,1412.999837,1402.963247,1293.646246,1478.556433,1449.720244,1290.79704,0.10061,0.02826,0.00688,0.05621,0.01782,0.00499,0.00565,0.00302, 
13,1560.301174,1554.025278,1413.216847,1403.264604,1293.847059,1478.616651,1449.914512,1291.125673,0.10554,0.02826,0.00524,0.05457,0.01683,0.00302,0.00664,0.00565, 
14,1560.234274,1554.060803,1413.009196,1403.118432,1294.094633,1478.639458,1449.992251,1291.301284,0.10554,0.0299,0.00524,0.04963,0.01716,0.00335,0.00565,0.00269, 
15,1560.656539,1554.220221,1413.30256,1403.355923,1294.355174,1479.03048,1450.272769,1291.829616,0.11047,0.02826,0.01182,0.05128,0.0142,0.00467,0.00434,0.00236, 
16,1560.459767,1554.119727,1413.249018,1403.323403,1294.470841,1479.067817,1450.393063,1291.788573,0.10554,0.0299,0.00195,0.04963,0.02801,0.01223,0.01322,0.01585, 
17,1559.903498,1553.933121,1412.871719,1402.675437,1294.536635,1479.068691,1450.370447,1291.719168,0.10883,0.03484,0.00853,0.05621,0.0313,0.01979,0.01387,0.01716, 
18,1560.234367,1554.166401,1413.01996,1402.995938,1294.5758,1479.073282,1450.413546,1291.764935,0.10718,0.0299,0.00359,0.05292,0.03623,0.0336,0.02275,0.029, 
19,1560.091615,1554.025699,1412.659008,1403.008779,1294.527198,1479.115575,1450.491579,1291.703679,0.10883,0.02497,0.00688,0.05292,0.05597,0.05103,0.04117,0.04248, 
20,1559.952331,1554.045878,1412.730798,1402.809019,1294.612213,1479.252038,1450.336361,1291.788,0.10389,0.02661,-0.00134,0.05785,0.06057,0.05827,0.04643,0.05465, 
21,1560.043476,1554.164154,1412.655681,1402.693975,1294.6273,1479.206143,1450.374572,1291.93446,0.10554,0.02661,0.01017,0.05621,0.06452,0.06452,0.05531,0.0609, 
22,1560.044822,1554.264355,1412.642179,1402.636703,1294.521329,1479.225574,1450.3512,1291.87581,0.10389,0.0299,0.01017,0.04963,0.08326,0.08754,0.07471,0.08063, 
23,1560.286015,1554.458406,1412.699777,1402.81818,1294.951747,1479.678059,1450.628541,1292.14318,0.10554,0.02333,0.00359,0.05292,0.09115,0.0974,0.07964,0.0849, 
24,1559.770475,1554.258823,1412.457355,1402.313749,1294.634256,1479.604171,1450.380866,1291.634029,0.10389,0.02826,0.00524,0.05457,0.10825,0.11088,0.09576,0.10529, 
25,1560.723743,1554.813895,1412.999402,1403.453645,1295.040508,1479.928786,1450.743206,1291.86741,0.10883,0.02661,0.00359,0.05457,0.10661,0.11154,0.10003,0.10529, 
26,1559.603541,1554.244146,1412.343482,1402.289485,1294.993859,1479.906936,1450.785318,1291.995513,0.10554,0.02497,0.00524,0.05128,0.12568,0.13062,0.11549,0.11976, 
27,1560.470546,1554.835748,1412.68316,1403.245123,1295.46509,1480.484569,1451.031287,1292.350595,0.10389,0.02826,0.00524,0.05457,0.13653,0.14114,0.12996,0.13785, 
28,1560.442322,1554.797433,1412.648043,1402.895549,1295.37343,1480.542755,1451.021365,1292.389893,0.10061,0.02497,0.00524,0.05128,0.13489,0.14311,0.12864,0.13719, 
29,1560.413456,1554.883986,1412.593143,1402.843914,1295.363951,1480.833846,1451.142955,1292.451376,0.10883,0.02497,0.00359,0.05292,0.15495,0.15923,0.14344,0.15659, 
30,1560.453014,1555.162133,1412.586461,1402.896885,1295.5391,1480.9551,1451.140246,1292.611248,0.10718,0.02661,0.00359,0.05292,0.16251,0.17238,0.15462,0.16284, 
31,1560.355706,1555.428117,1412.339866,1402.795536,1295.614007,1480.806857,1450.998276,1292.555033,0.10883,0.0299,0.00853,0.05457,0.17929,0.18553,0.1681,0.1829, 
32,1560.716787,1555.498689,1412.62328,1403.315844,1295.881409,1480.832671,1451.086595,1292.655468,0.10718,0.03155,0.00688,0.05457,0.18619,0.18849,0.17402,0.19014, 
33,1560.773466,1555.841513,1412.529262,1403.187878,1295.884219,1481.047922,1451.031618,1292.531962,0.11047,0.03319,0.00359,0.05128,0.19145,0.1977,0.17633,0.1931, 
34,1560.993415,1556.208906,1412.766579,1403.343096,1295.856554,1481.072572,1451.181641,1292.570912,0.10389,0.03155,0.00524,0.05292,0.20658,0.20757,0.18849,0.20757, 
35,1560.690406,1556.380474,1412.487482,1403.035725,1295.67547,1480.813498,1450.838928,1292.199789,0.10718,0.02661,0.01017,0.05457,0.21316,0.21776,0.19869,0.21677, 
36,1561.246989,1557.316586,1412.697562,1403.500598,1295.836563,1481.07882,1450.91397,1292.554037,0.10554,0.02826,0.00688,0.05457,0.22269,0.22763,0.2102,0.23355, 
37,1561.305701,1557.808049,1412.539869,1403.503692,1295.861286,1480.985985,1450.715797,1292.530707,0.10718,0.02826,0.00688,0.05128,0.23157,0.24144,0.2171,0.23618, 
38,1561.711418,1558.967679,1412.740638,1403.886675,1295.959697,1481.200194,1450.786908,1292.745707,0.10225,0.02826,0.00853,0.05128,0.23946,0.24604,0.22368,0.24867, 
39,1561.834301,1558.185367,1413.093728,1403.794265,1297.238512,1481.541919,1452.342678,1293.973292,0.10718,0.03155,0.01017,0.05457,0.24604,0.26281,0.23289,0.25459, 
40,1560.903323,1558.825642,1412.506213,1402.911565,1296.128264,1481.096127,1450.750524,1292.561352,0.10718,0.0299,0.00524,0.05292,0.25854,0.27301,0.24867,0.2763, 
41,1561.025854,1557.468425,1412.430839,1403.105062,1296.166097,1481.003604,1451.38574,1292.861238,0.10883,0.0299,0.00688,0.05457,0.2592,0.27432,0.24703,0.27367, 
42,1561.360508,1557.443687,1412.675625,1403.295877,1295.826341,1480.981011,1451.043123,1292.490005,0.10718,0.0299,0.00359,0.05292,0.27794,0.28715,0.26216,0.29373, 
43,1560.068432,1557.052226,1411.972668,1402.018524,1295.68532,1480.956819,1450.836118,1292.387031,0.10389,0.03319,0.00359,0.05128,0.28189,0.29636,0.26676,0.29405, 
44,1563.163792,1558.526234,1413.630711,1405.185276,1296.988709,1482.21001,1452.049481,1293.702118,0.10389,0.03484,0.00853,0.04963,0.29274,0.30589,0.27761,0.31181, 
45,1561.02118,1557.472412,1412.624857,1402.757631,1295.684095,1481.273672,1450.738632,1292.213945,0.10554,0.03155,0.00853,0.05292,0.30326,0.31707,0.28813,0.32234, 
46,1561.103996,1557.777458,1412.588973,1402.912943,1296.231019,1481.457869,1451.093108,1292.791723,0.10061,0.03484,0.0151,0.05457,0.30754,0.32431,0.29603,0.33023, 
47,1561.879551,1557.854535,1412.857002,1403.800372,1296.373502,1481.938626,1451.408097,1292.972606,0.10718,0.03484,0.01017,0.0595,0.32299,0.34009,0.30326,0.34404, 
48,1562.010877,1558.135205,1413.041675,1403.917452,1296.731971,1482.089926,1451.617474,1293.284342,0.10389,0.03155,0.01182,0.05621,0.32595,0.34503,0.31379,0.35127, 
49,1561.531819,1558.102911,1412.779568,1403.363874,1296.45914,1482.054493,1451.284351,1292.874915,0.10554,0.0299,0.01182,0.06114,0.34009,0.35982,0.32398,0.3664, 
50,1561.558291,1558.063731,1412.66621,1403.429295,1296.521414,1482.083079,1451.31311,1292.91769,0.10389,0.03319,0.01182,0.06114,0.34207,0.3641,0.33121,0.37364, 
51,1561.464132,1557.720251,1412.520918,1403.120424,1296.249687,1481.965912,1451.053574,1292.57688,0.10718,0.02826,0.00853,0.06443,0.35654,0.37857,0.34371,0.38416, 
52,1561.721761,1558.243234,1412.590499,1403.432872,1296.527207,1482.157064,1451.084826,1292.883269,0.10883,0.0299,0.00359,0.06114,0.36147,0.38251,0.34996,0.39271, 
53,1561.959919,1558.326964,1412.65145,1403.613533,1296.577681,1482.317872,1451.322532,1292.997015,0.10718,0.02826,0.00524,0.05785,0.37232,0.39435,0.3539,0.39731, 
54,1561.532795,1558.155721,1412.543902,1403.229595,1296.530521,1482.217682,1451.320765,1292.965632,0.10554,0.03155,0.00359,0.0595,0.37594,0.40027,0.36476,0.40849, 
55,1562.268065,1558.770968,1412.789459,1403.803002,1297.016034,1482.502079,1451.742269,1293.498106,0.11047,0.03155,0.00359,0.0595,0.38942,0.41737,0.38153,0.40784, 
56,1561.847628,1558.554071,1412.685924,1403.360077,1296.192357,1482.236196,1450.892682,1292.653999,0.10718,0.0299,0.00195,0.0595,0.39074,0.42033,0.38087,0.42, 
57,1561.645643,1558.363927,1412.486134,1403.126595,1296.549421,1482.459282,1451.078009,1292.872588,0.10554,0.02826,0.00359,0.0595,0.40323,0.43217,0.39468,0.43118, 
58,1562.115222,1558.613838,1412.730475,1403.674309,1296.879953,1482.659801,1451.528593,1293.255067,0.10225,0.03155,0.00359,0.05621,0.41704,0.44335,0.40093,0.44763, 
59,1562.121567,1558.877058,1412.800726,1403.608839,1296.853247,1482.953823,1451.330906,1293.230562,0.11212,0.02497,0.00853,0.0595,0.41803,0.44763,0.40685,0.45453, 
60,1562.176551,1559.143687,1412.782627,1403.618892,1296.871161,1483.033024,1451.297569,1293.139007,0.10389,0.03155,0.01182,0.05785,0.43053,0.46275,0.42099,0.47229, 
61,1562.023937,1559.244959,1412.610237,1403.323138,1296.87994,1482.934833,1451.225422,1293.192756,0.10718,0.02333,0.01182,0.05621,0.43184,0.46539,0.42231,0.47426, 
62,1562.401215,1559.726105,1412.75553,1403.780831,1296.941137,1482.985326,1451.384348,1293.129696,0.10554,0.02661,0.01017,0.05621,0.4473,0.47821,0.43447,0.48775, 
63,1561.878632,1559.308997,1412.583846,1403.200913,1296.975963,1483.060315,1451.54608,1293.304989,0.10883,0.02661,0.00688,0.05621,0.45223,0.48577,0.4371,0.49038, 
64,1562.547797,1559.75175,1412.846189,1403.840928,1297.33022,1483.269589,1451.655735,1293.439694,0.09896,0.0299,0.01182,0.05785,0.46308,0.49696,0.45223,0.50846, 
65,1562.305783,1559.64686,1412.80386,1403.532236,1297.321746,1483.285075,1451.519253,1293.479773,0.10883,0.0299,0.01182,0.05621,0.4713,0.50649,0.45519,0.5111, 
66,1562.530774,1559.714774,1412.891704,1403.782134,1297.407711,1483.563116,1451.667261,1293.416487,0.10718,0.02497,0.01017,0.05621,0.47854,0.5111,0.46506,0.52359, 
67,1562.750587,1560.027433,1413.15435,1403.944811,1297.452838,1483.836165,1451.584258,1293.636032,0.10883,0.02333,0.01017,0.0595,0.49202,0.52951,0.47755,0.53576, 
68,1562.579541,1560.001351,1413.115759,1403.827372,1297.538488,1483.931534,1451.642101,1293.616232,0.10554,0.02661,0.00853,0.0595,0.49597,0.53642,0.48051,0.53872, 
69,1562.516212,1559.954886,1412.986932,1403.57868,1297.36523,1483.814295,1451.590634,1293.609391,0.10883,0.03155,0.01017,0.06114,0.50748,0.54497,0.49531,0.55648, 
70,1562.633645,1560.037894,1413.093845,1403.750629,1297.454258,1483.907676,1451.645264,1293.567176,0.10718,0.0299,0.00688,0.05785,0.50386,0.54694,0.494,0.55483, 
71,1563.006269,1560.312101,1413.268306,1404.252024,1297.43761,1484.000274,1451.44069,1293.489753,0.10883,0.02661,0.01182,0.05621,0.52293,0.56174,0.50846,0.56799, 
72,1562.723682,1560.119155,1413.167761,1403.834416,1297.426732,1484.063515,1451.628762,1293.727963,0.10554,0.02497,0.01182,0.0595,0.53181,0.57719,0.51997,0.58246, 
73,1563.109603,1560.615862,1413.457268,1404.154791,1297.514321,1484.087845,1451.541309,1293.699692,0.10554,0.02497,0.00853,0.05785,0.53181,0.57752,0.51997,0.58279, 
74,1562.92549,1560.693612,1413.242597,1403.890213,1297.489757,1484.204136,1451.520004,1293.709201,0.10718,0.02497,0.01182,0.06443,0.53938,0.58574,0.52984,0.59101, 
75,1563.381727,1560.884563,1413.621485,1404.278779,1297.569391,1484.231427,1451.536195,1293.631236,0.10883,0.03155,0.01017,0.05785,0.54957,0.59364,0.53806,0.60252, 
76,1563.007325,1560.839952,1413.474994,1403.798144,1297.975785,1484.449419,1451.743606,1294.054533,0.10554,0.02661,0.00853,0.05621,0.56799,0.61271,0.55516,0.62159, 
77,1563.281108,1560.914205,1413.511801,1404.00315,1297.760533,1484.582731,1451.500556,1293.805303,0.11047,0.02661,0.01182,0.06114,0.56601,0.61699,0.55746,0.62521, 
78,1563.428269,1561.135405,1413.740147,1404.187943,1298.179722,1484.887535,1451.885093,1294.046287,0.10389,0.0299,0.00688,0.05621,0.58443,0.62882,0.56832,0.63705, 
79,1563.746847,1561.451434,1413.74012,1404.423747,1298.25809,1484.927675,1451.751496,1294.031078,0.10883,0.0299,0.01017,0.05621,0.57983,0.62915,0.57259,0.64329, 
80,1563.45639,1561.361664,1413.744769,1404.23519,1298.722321,1485.178173,1452.102981,1294.296096,0.11047,0.02661,0.01182,0.05457,0.59495,0.64527,0.57983,0.64823, 
81,1563.91384,1561.551074,1413.876846,1404.485514,1298.680707,1485.452078,1452.219706,1294.315786,0.11047,0.02661,0.00853,0.05457,0.60844,0.65941,0.59331,0.66598, 
82,1563.552056,1561.418787,1413.647063,1404.276934,1299.110108,1485.718899,1452.206157,1294.604665,0.10883,0.02333,0.01182,0.05457,0.6183,0.66993,0.60515,0.6696, 
83,1563.899515,1561.622989,1413.737568,1404.768206,1299.141857,1486.007692,1452.483086,1294.852089,0.11376,0.02826,0.00853,0.05128,0.62323,0.67059,0.60548,0.68013, 
84,1563.842981,1561.568051,1413.677117,1404.595801,1299.322522,1486.432426,1452.606165,1295.057866,0.10883,0.0299,0.00853,0.05457,0.63014,0.68276,0.6183,0.68243, 
85,1564.102926,1561.817881,1414.031223,1404.887301,1299.448793,1486.643203,1452.64997,1294.987286,0.11212,0.02661,0.01182,0.05621,0.64165,0.69591,0.63211,0.70578, 
86,1564.028385,1561.85129,1413.943553,1404.506105,1299.499007,1486.571129,1452.660026,1294.974725,0.10883,0.02661,0.01675,0.05785,0.64461,0.70019,0.63376,0.70874, 
87,1563.847319,1561.807352,1414.076003,1404.434521,1299.850028,1486.891754,1452.99861,1295.337244,0.11376,0.02826,0.01182,0.0595,0.65316,0.71071,0.64297,0.71696, 
88,1564.117409,1562.023283,1414.246459,1404.502416,1300.124229,1487.132399,1453.169744,1295.577055,0.10883,0.02661,0.01182,0.06114,0.65513,0.71663,0.64592,0.72025, 
89,1564.279564,1562.200563,1414.467553,1404.453915,1300.315621,1487.360717,1453.329645,1295.817999,0.11212,0.0299,0.01182,0.05457,0.67092,0.72945,0.66434,0.73899, 
90,1564.296549,1562.236219,1414.303694,1404.494183,1300.518317,1487.653238,1453.34364,1295.895703,0.10883,0.03155,0.01346,0.05292,0.68078,0.74326,0.66796,0.74425, 
91,1564.369649,1562.442221,1414.395817,1404.446926,1300.739284,1487.86826,1453.34797,1296.00411,0.11212,0.02661,0.01182,0.0595,0.689,0.74754,0.67684,0.75477, 
92,1564.610776,1562.521257,1414.750086,1404.753999,1300.990313,1488.059616,1453.669827,1296.213317,0.11047,0.02826,0.01182,0.0595,0.68933,0.75214,0.67749,0.75938, 
93,1564.436382,1562.545351,1414.603304,1404.592492,1300.967965,1488.281978,1453.757904,1296.370402,0.10718,0.02826,0.01675,0.05621,0.70578,0.76661,0.69196,0.76924, 
94,1564.739014,1562.880601,1414.668976,1404.704158,1301.235017,1488.777349,1453.98265,1296.581757,0.11212,0.03155,0.01346,0.05292,0.71597,0.77615,0.70512,0.78766, 
95,1564.698321,1562.606483,1414.596968,1404.842481,1301.22737,1488.68093,1453.911938,1296.266572,0.11705,0.02661,0.01346,0.0595,0.71663,0.78141,0.70709,0.78898, 
96,1564.942431,1562.919762,1414.935098,1405.764027,1301.477584,1489.037072,1454.10981,1294.17687,0.11376,0.02826,0.01182,0.05785,0.72682,0.78898,0.71663,0.80246, 
97,1565.26662,1563.39689,1415.446871,1405.354838,1301.627192,1489.194571,1454.107817,1292.484182,0.11705,0.02661,0.01346,0.05785,0.73077,0.79391,0.72025,0.80575, 
98,1564.971854,1563.000179,1415.426389,1402.988436,1301.779118,1489.398886,1454.255743,1292.653823,0.11047,0.02661,0.01346,0.05785,0.74261,0.80871,0.7311,0.8166, 
99,1565.501274,1563.315153,1415.659742,1402.322957,1302.046824,1489.750161,1454.411332,1293.876908,0.11212,0.02661,0.01017,0.05785,0.75642,0.82318,0.74458,0.82877, 
100,1565.594429,1563.65093,1415.900772,1402.535599,1302.383633,1489.901515,1454.756982,1295.277102,0.11212,0.02826,0.01346,0.05621,0.7551,0.82252,0.74491,0.83469, 
101,1565.728102,1563.758233,1417.791943,1404.088206,1302.798333,1490.246101,1455.86731,1296.830038,0.11376,0.02661,0.01675,0.05621,0.77023,0.83633,0.75905,0.84521, 
102,1566.034567,1563.999647,1419.14576,1405.688014,1303.072631,1490.734962,1456.287617,1298.011939,0.10718,0.03155,0.01182,0.0595,0.78404,0.85244,0.76793,0.85179, 
103,1566.139572,1564.307915,1419.007667,1405.797919,1303.217346,1491.022102,1456.764547,1298.173098,0.11376,0.0299,0.01346,0.05621,0.78634,0.86066,0.77352,0.86626, 
104,1565.867992,1564.210905,1417.512402,1405.388867,1303.306881,1491.105014,1457.287924,1298.238575,0.11705,0.03155,0.0151,0.05785,0.79687,0.86823,0.78371,0.87711, 
105,1566.253366,1564.579383,1416.609018,1405.653159,1303.434542,1491.403532,1457.182758,1298.457852,0.11705,0.0299,0.01839,0.0595,0.79161,0.87217,0.78634,0.87941, 
106,1566.36777,1564.92705,1417.354994,1405.884994,1303.556225,1491.587529,1456.645189,1298.500895,0.11212,0.02826,0.0151,0.05785,0.81495,0.88566,0.80213,0.8975, 
107,1565.889965,1564.392014,1418.543079,1405.295911,1303.892357,1491.7812,1456.522678,1298.796419,0.12034,0.0299,0.01182,0.05292,0.81759,0.89355,0.80542,0.90144, 
108,1566.676434,1564.956918,1420.163087,1405.999088,1304.206085,1492.363589,1456.390829,1298.906718,0.11705,0.03484,0.01346,0.05785,0.83008,0.90605,0.81693,0.91262, 
109,1566.433723,1564.958254,1421.048713,1405.642034,1304.282671,1492.64027,1456.615321,1299.14589,0.12198,0.03319,0.01675,0.05621,0.84291,0.91887,0.82679,0.91295, 
110,1566.611895,1565.050814,1422.154917,1405.84867,1304.636166,1492.928275,1457.243086,1299.497141,0.11705,0.02826,0.01675,0.05621,0.83863,0.92216,0.82975,0.92742, 
111,1566.679976,1565.27569,1422.98872,1405.675807,1304.950482,1493.184633,1458.056027,1299.806955,0.11869,0.02661,0.02333,0.0595,0.85244,0.93038,0.84028,0.93762, 
112,1566.769831,1565.280344,1423.175399,1405.881716,1305.342925,1493.577335,1458.698432,1300.102624,0.12034,0.02826,0.01839,0.05785,0.86034,0.94255,0.8508,0.9488, 
113,1566.778915,1565.305516,1422.069598,1405.797732,1305.577246,1493.859499,1458.407309,1300.366843,0.12198,0.03155,0.02004,0.05785,0.87283,0.95143,0.85902,0.958, 
114,1567.061815,1565.434506,1421.469973,1405.898478,1305.720489,1494.151006,1458.281517,1300.343076,0.11705,0.02497,0.02004,0.05785,0.88763,0.96425,0.86987,0.96984, 
115,1567.184368,1565.446676,1420.693265,1405.806956,1306.007528,1494.41247,1458.511267,1300.528706,0.12363,0.02497,0.02004,0.06114,0.8896,0.96919,0.87612,0.97839, 
116,1567.069102,1565.403252,1419.814557,1405.687482,1306.245423,1494.609479,1458.946187,1300.586774,0.12034,0.02826,0.01839,0.05785,0.89848,0.97642,0.88204,0.9853, 
117,1567.218192,1565.742246,1418.886903,1406.290294,1306.613434,1495.063726,1459.483057,1299.930199,0.12198,0.02661,0.02168,0.05785,0.90342,0.98629,0.88927,0.99516, 
118,1567.299064,1565.777909,1417.757143,1406.864077,1307.054884,1495.512689,1459.877672,1299.228061,0.12034,0.02826,0.01839,0.05785,0.9192,1.00339,0.90572,0.99878, 
119,1567.272374,1565.646333,1416.870635,1406.466528,1307.100859,1495.71195,1459.457086,1299.063226,0.12856,0.02661,0.02004,0.0595,0.92019,1.00733,0.90637,1.01292, 
120,1567.482361,1565.782147,1416.756315,1405.747107,1307.350413,1496.300233,1458.818017,1299.665886,0.12363,0.02826,0.02333,0.05785,0.9317,1.01753,0.9215,1.02016, 
121,1567.268508,1565.393934,1416.986742,1404.446221,1307.60239,1496.464525,1458.564043,1300.478513,0.12856,0.02826,0.0299,0.05785,0.94156,1.02739,0.92709,1.03232, 
122,1567.475799,1565.614022,1417.503839,1403.732244,1307.875251,1496.87361,1458.564949,1301.519723,0.12034,0.02661,0.02826,0.05621,0.95011,1.03759,0.93498,1.04186, 
123,1568.714641,1565.787736,1417.544784,1403.723861,1308.918225,1497.373291,1459.086947,1302.799686,0.12527,0.02497,0.02826,0.0595,0.96195,1.04943,0.94584,1.05436, 
124,1570.258393,1565.777948,1417.53914,1404.826449,1310.712791,1497.705179,1459.484912,1303.189304,0.12527,0.02661,0.02826,0.05785,0.96228,1.05238,0.95044,1.06126, 
125,1568.878598,1565.42271,1417.338429,1404.82914,1311.746042,1497.755739,1459.525859,1303.290412,0.12527,0.02661,0.02497,0.05785,0.97346,1.06357,0.95899,1.06949, 
126,1567.761165,1565.624866,1417.430121,1405.159002,1310.314404,1498.357642,1460.226951,1303.914976,0.12691,0.0299,0.02661,0.06114,0.97247,1.0685,0.9636,1.07606, 
127,1567.62478,1565.695911,1417.641724,1405.293821,1309.928755,1498.832364,1460.573262,1304.211137,0.12856,0.02661,0.02826,0.0595,0.99056,1.08363,0.97872,1.08955, 
128,1567.429672,1565.595745,1417.59006,1405.001486,1310.299099,1499.413105,1460.876123,1304.501665,0.12527,0.02661,0.02661,0.05785,0.99878,1.09152,0.98102,1.09612, 
129,1567.310635,1565.362756,1417.643441,1404.862319,1310.667118,1499.89464,1461.383809,1304.922726,0.13185,0.02661,0.03319,0.0595,1.00404,1.0981,0.99023,1.105, 
130,1567.305218,1565.173897,1417.560386,1404.783199,1310.938182,1500.242384,1461.541886,1305.211612,0.1302,0.0299,0.03319,0.05785,1.01818,1.10961,1.00273,1.11881, 
131,1567.67976,1565.4617,1417.678198,1404.972809,1311.063089,1500.462983,1461.616464,1305.254724,0.12691,0.03155,0.03155,0.0595,1.0172,1.1152,1.00635,1.12342, 
132,1567.590607,1565.325515,1417.657995,1404.753275,1311.704257,1501.052848,1462.256333,1305.976021,0.12856,0.02497,0.03155,0.0595,1.02838,1.12703,1.01818,1.13723, 
133,1567.616311,1565.078626,1417.743759,1404.768989,1312.115219,1501.604487,1462.66772,1306.439786,0.13349,0.0299,0.03155,0.06279,1.02969,1.13295,1.01786,1.13789, 
134,1567.453163,1565.227039,1417.730105,1404.504707,1312.869361,1502.300922,1463.444645,1307.206609,0.13185,0.03319,0.0299,0.06279,1.04712,1.14644,1.03364,1.15203, 
135,1568.348203,1565.423061,1418.056941,1405.418176,1313.130582,1502.856097,1463.727715,1307.503717,0.13678,0.02661,0.03155,0.06443,1.05995,1.15992,1.04548,1.16584, 
136,1567.169175,1564.604249,1417.484979,1403.853372,1313.603467,1503.164642,1464.271682,1307.836351,0.13513,0.0299,0.03319,0.06114,1.05633,1.16255,1.04811,1.16978, 
137,1568.080888,1565.139213,1417.93187,1404.844311,1314.239631,1503.729171,1464.678676,1308.451308,0.13513,0.02826,0.03648,0.06114,1.07573,1.17505,1.05765,1.17998, 
138,1567.209705,1564.294408,1417.329135,1404.003218,1314.628748,1504.18491,1465.228717,1309.172014,0.13678,0.0299,0.03977,0.06114,1.07606,1.18195,1.06357,1.18689, 
139,1567.957569,1564.531616,1417.480972,1404.235554,1315.041408,1504.976084,1465.523133,1309.470085,0.14007,0.03319,0.04141,0.06114,1.09185,1.19938,1.08099,1.2053, 
140,1567.409519,1564.272939,1417.424292,1403.607365,1315.76402,1505.37622,1466.125555,1310.049715,0.13678,0.0299,0.04141,0.06279,1.09645,1.20135,1.08231,1.20892, 
141,1567.652528,1563.888251,1417.37388,1403.787251,1316.147323,1506.117945,1466.630828,1310.452969,0.14171,0.0299,0.04141,0.06279,1.10369,1.21385,1.09481,1.21977, 
142,1567.380643,1563.591589,1417.194421,1403.393113,1316.606805,1506.652911,1466.988335,1310.830648,0.14007,0.03484,0.0447,0.0595,1.10632,1.21451,1.09744,1.22372, 
143,1568.072312,1563.897116,1417.577751,1404.07375,1316.891406,1507.051006,1467.245845,1311.180864,0.14007,0.0299,0.03812,0.06114,1.11684,1.22733,1.10665,1.23556, 
144,1566.988203,1563.070862,1416.715852,1402.758659,1317.044457,1507.216806,1467.469743,1311.295252,0.14336,0.0299,0.0447,0.0595,1.12835,1.24115,1.11881,1.24772, 
145,1567.96174,1563.655023,1417.243993,1403.716628,1317.749515,1507.848671,1468.098588,1312.009864,0.14829,0.0299,0.0447,0.06279,1.14282,1.25068,1.12901,1.24739, 
146,1566.926661,1562.801521,1416.787668,1402.368719,1318.025847,1508.005778,1468.351625,1312.255505,0.14336,0.03319,0.0447,0.0595,1.1415,1.25496,1.13065,1.26384, 
147,1567.944983,1563.153142,1417.594513,1403.485209,1318.765092,1508.838374,1468.744677,1312.988128,0.14829,0.03155,0.04635,0.0595,1.14117,1.25693,1.13328,1.26219, 
148,1567.426442,1562.865063,1418.288296,1402.791979,1319.13689,1509.30406,1469.469633,1313.439687,0.14829,0.02826,0.04635,0.0595,1.16913,1.27896,1.15466,1.28718, 
149,1567.368863,1562.770649,1418.36189,1402.532449,1319.679518,1509.820148,1470.644904,1313.947048,0.14993,0.03155,0.04635,0.0595,1.16913,1.2839,1.15795,1.29376, 
150,1567.316349,1562.294467,1417.189614,1402.414999,1320.263632,1510.343376,1470.460318,1314.54942,0.145,0.0299,0.05128,0.05785,1.17538,1.29376,1.1665,1.30231, 
151,1567.478645,1562.529613,1416.944394,1402.407634,1320.830899,1511.001102,1471.064794,1315.119945,0.15322,0.03319,0.04635,0.06443,1.17932,1.29738,1.17044,1.30724, 
152,1567.229791,1562.056605,1416.585311,1401.968721,1321.336684,1511.432074,1471.645206,1315.682506,0.15322,0.02497,0.05128,0.05785,1.19741,1.31284,1.18787,1.32467, 
153,1567.477293,1562.047294,1416.593489,1403.041749,1321.7919,1512.136363,1472.082825,1315.046356,0.15815,0.03484,0.05128,0.05785,1.20267,1.32303,1.19215,1.32928, 
154,1567.346304,1562.022891,1416.410069,1403.082498,1322.351912,1512.49773,1472.57789,1316.81686,0.15815,0.0299,0.05457,0.06443,1.21188,1.33454,1.20267,1.34013, 
155,1567.444562,1562.056208,1416.321499,1402.233019,1323.009361,1513.193978,1473.324603,1318.355067,0.15651,0.03155,0.05292,0.0595,1.22043,1.33947,1.20464,1.34177, 
156,1567.163983,1561.639271,1416.179153,1401.445826,1323.488618,1513.681432,1473.663498,1317.857419,0.15322,0.0299,0.04963,0.06114,1.22701,1.34605,1.21319,1.35263, 
157,1567.803324,1561.994194,1416.44734,1401.841163,1323.839327,1514.340061,1473.986581,1318.144142,0.15651,0.03155,0.05621,0.06443,1.2372,1.35526,1.22536,1.3694, 
158,1567.134851,1561.592957,1415.981002,1401.032677,1324.831606,1514.85578,1474.88641,1319.033448,0.15322,0.0299,0.05785,0.06279,1.24378,1.36874,1.23292,1.37466, 
159,1567.31274,1561.411807,1415.884991,1401.03839,1324.9444,1515.197449,1475.065447,1319.114559,0.16309,0.03648,0.05785,0.0595,1.24838,1.37466,1.23884,1.38288, 
160,1567.567838,1561.492603,1415.989035,1401.366676,1325.525709,1515.631408,1475.587021,1319.724577,0.15651,0.03155,0.05621,0.06114,1.25759,1.38255,1.24509,1.38913, 
161,1567.234424,1561.086111,1416.116528,1400.759788,1326.014272,1516.19751,1475.955666,1320.319948,0.16473,0.03155,0.0595,0.06114,1.26976,1.39439,1.25792,1.40261, 
162,1566.769788,1560.604627,1417.090923,1400.279244,1326.55419,1516.789903,1476.431374,1320.757332,0.15815,0.03319,0.06279,0.06279,1.27699,1.40491,1.26614,1.41281, 
163,1567.49455,1560.973506,1417.834853,1400.906621,1327.011455,1517.389809,1478.361782,1321.192452,0.15815,0.0299,0.06114,0.06114,1.29047,1.41774,1.27732,1.41544, 
164,1566.900382,1560.568785,1416.056264,1400.021914,1327.77382,1517.853955,1477.924015,1322.087611,0.16473,0.03319,0.06279,0.06443,1.29113,1.4184,1.27798,1.42859, 
165,1566.791695,1560.506089,1415.214589,1399.863911,1328.056753,1518.197625,1478.01771,1322.281022,0.16473,0.03155,0.06114,0.05785,1.30165,1.43122,1.29014,1.4401, 
166,1566.858096,1560.461269,1415.028638,1399.922099,1328.772625,1518.741888,1478.648549,1322.783102,0.16638,0.03319,0.06608,0.06443,1.31448,1.44372,1.30396,1.4549, 
167,1566.940724,1560.570051,1414.991232,1399.50803,1329.561903,1519.397277,1479.449641,1323.236902,0.16966,0.03319,0.06936,0.06114,1.31415,1.44405,1.30363,1.4549, 
168,1567.109472,1560.464714,1414.904333,1398.914319,1330.226196,1520.220718,1480.0392,1324.664178,0.16638,0.03155,0.06608,0.06443,1.32665,1.45786,1.31612,1.46476, 
169,1566.744181,1560.272097,1414.611203,1399.279311,1330.52031,1520.693897,1480.72437,1325.504354,0.16966,0.03155,0.06772,0.06443,1.33849,1.46937,1.32303,1.4743, 
170,1566.815544,1560.194517,1414.80988,1399.391774,1331.293522,1521.241198,1481.131493,1325.682912,0.16638,0.02826,0.07101,0.06443,1.34013,1.47627,1.33092,1.48252, 
171,1566.562612,1560.157791,1414.792697,1399.065799,1332.164937,1521.880364,1481.733302,1326.309562,0.17295,0.03155,0.07101,0.0595,1.36151,1.49173,1.3444,1.49897, 
172,1566.831453,1560.08946,1414.644547,1399.103216,1332.809989,1522.682302,1482.563359,1327.053368,0.17295,0.02826,0.07265,0.06772,1.35361,1.49206,1.34769,1.49601, 
173,1566.130338,1559.326767,1413.975303,1398.115298,1333.052755,1523.031591,1482.849272,1327.425619,0.17295,0.02826,0.07101,0.06772,1.3717,1.50719,1.35953,1.51771, 
174,1567.215826,1559.97372,1414.324699,1399.037042,1333.981945,1523.684347,1483.51954,1328.334172,0.17295,0.02661,0.07265,0.06279,1.37137,1.5108,1.36019,1.51343, 
175,1566.36756,1559.274765,1413.856952,1397.951075,1334.073952,1523.990851,1483.757869,1328.540735,0.17624,0.0299,0.0743,0.06443,1.38551,1.52823,1.37302,1.53317, 
176,1567.248404,1559.530273,1414.341372,1398.735761,1334.902116,1524.941095,1484.539338,1329.327281,0.17295,0.0299,0.07265,0.06772,1.39735,1.53185,1.38124,1.54073, 
177,1566.505906,1559.039967,1413.769268,1397.841766,1335.429943,1525.259147,1485.005399,1329.820545,0.17953,0.0299,0.07594,0.06443,1.40886,1.54698,1.39472,1.55125, 
178,1566.797872,1558.930273,1413.78844,1397.906161,1336.021438,1525.685064,1485.442215,1330.210112,0.18117,0.03319,0.07101,0.06608,1.40787,1.55158,1.39867,1.55783, 
179,1566.503727,1558.972994,1413.71575,1397.565719,1336.619728,1526.170176,1486.114974,1330.927551,0.17953,0.02661,0.07594,0.06608,1.42136,1.56243,1.40853,1.56605, 
180,1566.682811,1559.139369,1414.097244,1397.628161,1337.450199,1526.837235,1486.674131,1331.838131,0.17624,0.0299,0.07759,0.06772,1.42793,1.57,1.41544,1.57493, 
181,1566.89863,1559.080405,1413.918935,1397.69173,1338.178074,1527.450395,1487.492742,1332.557032,0.17953,0.0299,0.08252,0.06608,1.43911,1.5792,1.423,1.58381, 
182,1566.618545,1558.790232,1413.733304,1397.320739,1338.554718,1527.81641,1487.870918,1332.983045,0.18282,0.02497,0.08416,0.06608,1.45293,1.5917,1.43681,1.59795, 
183,1566.806374,1558.836308,1413.48625,1397.304596,1339.233169,1528.538374,1488.318961,1333.6338,0.19268,0.02661,0.08745,0.06608,1.45062,1.60025,1.44142,1.60354, 
184,1566.566794,1558.323083,1412.915095,1396.846651,1339.473761,1528.964488,1488.802037,1334.050062,0.18775,0.0299,0.08581,0.06936,1.46772,1.61242,1.4526,1.61932, 
185,1566.543699,1558.373615,1412.927223,1396.433553,1340.130434,1529.502499,1489.813812,1334.480675,0.19104,0.03319,0.08581,0.06772,1.46674,1.61308,1.45391,1.61702, 
186,1566.691548,1558.672725,1413.170055,1396.605802,1340.809388,1529.891045,1490.007797,1335.24575,0.19104,0.03484,0.0891,0.07265,1.48186,1.63018,1.4674,1.63248, 
187,1566.165059,1558.229788,1412.932939,1396.29545,1341.077372,1530.109092,1490.267635,1335.391705,0.1894,0.03484,0.08745,0.07101,1.49206,1.63643,1.47726,1.64432, 
188,1566.712996,1558.509858,1413.071947,1396.648686,1341.617643,1530.776312,1490.741177,1336.033759,0.19268,0.03155,0.09238,0.06772,1.49469,1.64432,1.47858,1.6453, 
189,1565.966782,1558.073562,1412.590768,1395.927843,1342.017216,1531.070708,1490.859729,1336.633137,0.19104,0.03484,0.09238,0.06608,1.50488,1.65451,1.49042,1.65912, 
190,1566.452186,1558.24161,1411.777096,1396.152209,1342.707128,1531.650711,1490.579625,1337.270764,0.18775,0.03484,0.09074,0.06772,1.51245,1.66504,1.49962,1.67095, 
191,1566.168278,1558.193307,1409.017948,1395.678985,1343.321238,1532.128856,1494.001618,1337.729694,0.19926,0.03319,0.09732,0.07101,1.52396,1.6772,1.50784,1.67852, 
192,1566.668893,1558.349228,1411.626428,1396.059658,1343.839394,1532.792514,1492.43804,1338.532178,0.19762,0.03484,0.09074,0.06936,1.53053,1.68246,1.51442,1.6851, 
193,1566.079779,1557.817584,1411.909573,1395.236953,1344.656634,1533.367658,1493.566741,1339.238302,0.19762,0.03319,0.09896,0.07594,1.54172,1.69595,1.52955,1.69989, 
194,1567.036735,1558.420859,1412.673563,1396.140634,1344.857315,1533.656731,1493.673791,1339.471045,0.19762,0.03484,0.09732,0.07265,1.55158,1.70581,1.53613,1.70779, 
195,1565.503683,1557.47143,1411.869947,1394.441486,1345.624835,1534.259162,1494.40225,1340.323143,0.20255,0.03319,0.09896,0.07759,1.55553,1.71371,1.5427,1.71634, 
196,1565.492985,1557.164344,1411.494602,1393.86943,1345.927901,1534.484645,1494.588823,1340.062176,0.19926,0.03648,0.10061,0.07101,1.56506,1.71699,1.55092,1.72423, 
197,1566.724984,1558.049837,1412.163017,1393.711918,1346.449368,1535.212873,1495.126239,1339.944324,0.20748,0.03648,0.10061,0.0743,1.57033,1.7262,1.55619,1.73081, 
198,1565.496043,1557.204523,1411.465228,1390.387999,1347.174992,1535.668531,1496.061428,1340.615102,0.20255,0.03648,0.10225,0.0743,1.58743,1.7433,1.57065,1.74791, 
199,1567.303477,1558.161667,1412.367031,1392.561673,1347.538936,1536.129537,1496.331013,1343.207639,0.20091,0.03155,0.10061,0.07101,1.59335,1.74922,1.57789,1.7535, 
200,1567.699303,1558.565613,1412.980032,1395.991605,1347.950521,1536.560407,1496.703793,1345.923521,0.20255,0.03155,0.10718,0.07101,1.60091,1.75942,1.58512,1.76501, 
201,1565.404589,1556.932166,1411.681351,1394.241555,1347.638222,1536.118268,1496.393517,1344.090865,0.21077,0.03484,0.10389,0.07101,1.60584,1.76468,1.58874,1.76895, 
202,1567.666015,1558.353062,1412.733286,1395.785195,1348.973806,1537.339275,1497.560743,1343.421101,0.21241,0.03484,0.11212,0.07265,1.61637,1.77717,1.59959,1.78079, 
203,1566.182408,1557.56581,1412.01904,1394.407616,1348.917608,1537.372111,1497.689989,1344.036065,0.21241,0.03319,0.10718,0.0743,1.62459,1.7877,1.61012,1.79131, 
204,1565.060269,1556.598965,1411.049329,1393.083116,1349.381097,1537.627853,1498.154665,1344.566816,0.21077,0.03319,0.11047,0.07101,1.62755,1.79263,1.61472,1.79822, 
205,1566.843355,1557.848885,1411.806203,1394.573166,1350.200252,1538.419007,1498.75248,1345.180359,0.2157,0.03155,0.11212,0.06936,1.63774,1.79954,1.62426,1.80907, 
206,1566.921342,1557.963103,1412.010732,1394.370619,1349.945561,1538.39505,1498.644683,1345.036445,0.21077,0.03812,0.11376,0.07759,1.64432,1.80907,1.62919,1.81598, 
207,1565.561468,1556.931738,1411.187216,1392.870341,1350.454691,1538.770782,1499.215769,1345.442554,0.21899,0.03977,0.1154,0.07759,1.65681,1.82453,1.64465,1.83143, 
208,1565.607981,1556.766173,1410.89617,1392.887695,1350.79244,1539.163422,1499.343352,1345.605789,0.21735,0.03977,0.11376,0.0743,1.65912,1.83374,1.65122,1.83801, 
209,1566.510027,1557.279749,1411.240647,1393.662994,1351.251327,1539.516845,1499.696504,1346.111193,0.22064,0.03812,0.11869,0.0743,1.67326,1.839,1.65747,1.84294, 
210,1566.182593,1557.061435,1411.173803,1393.190803,1351.115823,1539.583593,1499.735553,1346.068665,0.22228,0.03484,0.12034,0.07594,1.68016,1.8459,1.66668,1.85248, 
211,1566.246202,1556.984495,1411.076114,1393.033245,1351.50206,1539.743981,1500.011096,1346.532088,0.22557,0.0447,0.12856,0.0743,1.68871,1.85972,1.67655,1.86563, 
212,1565.969182,1556.837331,1411.140597,1392.804976,1351.710595,1540.140916,1500.328469,1346.763799,0.22557,0.04141,0.12198,0.0743,1.69562,1.86695,1.68345,1.87287, 
213,1566.33947,1556.933155,1411.318121,1392.920515,1352.08016,1540.609315,1500.766058,1347.225349,0.23215,0.04635,0.12691,0.08252,1.70285,1.8755,1.68904,1.88142, 
214,1565.902513,1556.781424,1410.954251,1392.451204,1352.051073,1540.627575,1500.826999,1347.133063,0.22228,0.03977,0.12363,0.07594,1.70976,1.88405,1.69693,1.89063, 
215,1566.038787,1556.578083,1410.761703,1392.368759,1352.37463,1540.805625,1501.150981,1347.551061,0.22228,0.0447,0.12527,0.08087,1.72324,1.89293,1.70351,1.89951, 
216,1566.25729,1556.69848,1410.694912,1392.465316,1352.547403,1541.126776,1501.385689,1347.728073,0.2305,0.04306,0.12856,0.07923,1.73541,1.90871,1.71634,1.91365, 
217,1566.602277,1557.08377,1410.897224,1392.68214,1352.678529,1541.35427,1501.462304,1347.861636,0.23379,0.04635,0.13185,0.08252,1.7387,1.91135,1.72423,1.91891, 
218,1566.055262,1556.697644,1410.663593,1392.020259,1352.783216,1541.499404,1501.747308,1348.002962,0.22886,0.04635,0.13513,0.08252,1.74495,1.92285,1.73048,1.92779, 
219,1566.299139,1556.748422,1410.702168,1392.16742,1352.998205,1541.806062,1501.932109,1348.229369,0.23708,0.04963,0.14007,0.08087,1.75185,1.9291,1.7364,1.93338, 
220,1566.955296,1557.113857,1410.745955,1392.666718,1353.193833,1542.041643,1502.098816,1348.465774,0.23708,0.05128,0.13842,0.08416,1.75974,1.93765,1.74791,1.94949, 
221,1565.940734,1556.4536,1410.203152,1391.516443,1353.218901,1542.146807,1502.302951,1348.476159,0.23708,0.04963,0.13678,0.08581,1.76961,1.95081,1.75646,1.95673, 
222,1566.732277,1556.926772,1410.582751,1392.243278,1353.5669,1542.588838,1502.647418,1348.827267,0.23872,0.05128,0.13842,0.08745,1.77553,1.95969,1.76402,1.96462, 
223,1566.347279,1556.620031,1410.252577,1391.703736,1353.459842,1542.589222,1502.56205,1348.812351,0.24366,0.05292,0.14007,0.08581,1.78145,1.96528,1.7706,1.9712, 
224,1566.741807,1556.75207,1410.467151,1391.900228,1353.513048,1542.785457,1502.71472,1348.809331,0.2453,0.05457,0.14171,0.08745,1.79888,1.9804,1.78375,1.98534, 
225,1566.384969,1556.554188,1410.198605,1391.459954,1353.60022,1542.898718,1502.884005,1348.89019,0.24694,0.05621,0.14336,0.09238,1.80743,1.99356,1.7923,1.9952, 
226,1566.778975,1556.862331,1410.291062,1391.755271,1353.772646,1543.168202,1503.017775,1349.224018,0.24694,0.05457,0.145,0.09238,1.81532,1.99948,1.79723,2.00408, 
227,1566.745312,1556.684724,1410.263461,1391.439724,1354.029077,1543.384638,1503.340957,1349.420262,0.25188,0.0595,0.145,0.09238,1.81762,2.00474,1.80217,2.00704, 
228,1566.588913,1556.668604,1410.102454,1391.24099,1354.191339,1543.691226,1503.494548,1349.642809,0.24694,0.05621,0.14664,0.09238,1.82256,2.01329,1.81072,2.01625, 
229,1566.824001,1556.715401,1410.156329,1391.232471,1354.536554,1544.103486,1503.998675,1350.095041,0.25352,0.05457,0.15158,0.09732,1.83637,2.0271,1.82551,2.03236, 
230,1566.411683,1556.288556,1409.900306,1390.765996,1354.802614,1544.447337,1504.320026,1350.313837,0.25023,0.0595,0.15487,0.09732,1.8436,2.03631,1.83045,2.03861, 
231,1566.734766,1556.556765,1410.086698,1391.000528,1354.818032,1544.699344,1504.380627,1350.313308,0.25352,0.06114,0.15487,0.09896,1.85149,2.04223,1.83998,2.04946, 
232,1566.656153,1556.409413,1409.918733,1390.742555,1354.878614,1544.819599,1504.585603,1350.35677,0.25681,0.0595,0.1598,0.09732,1.86235,2.05308,1.84985,2.059, 
233,1566.702314,1556.181582,1409.860182,1390.65188,1355.006258,1544.978094,1504.791974,1350.530492,0.25845,0.06772,0.15651,0.09403,1.87616,2.06262,1.86037,2.06919, 
234,1566.746087,1556.311638,1409.718268,1390.526936,1355.017774,1545.048713,1504.871927,1350.505056,0.25845,0.06443,0.16473,0.10225,1.87682,2.07084,1.86596,2.07544, 
235,1566.515957,1556.086379,1409.538945,1390.236032,1355.034106,1545.281078,1504.91824,1350.581626,0.26339,0.06443,0.1598,0.10389,1.88898,2.08005,1.87451,2.08662, 
236,1566.997785,1556.186164,1409.761478,1390.640393,1355.198733,1545.520975,1505.255804,1350.707217,0.2601,0.06114,0.16144,0.10389,1.89951,2.09221,1.88668,2.09978, 
237,1566.706161,1556.100225,1409.641927,1390.166428,1355.116258,1545.664763,1505.290718,1350.782219,0.26832,0.06443,0.16802,0.10554,1.89589,2.09419,1.88471,2.09813, 
238,1566.91034,1556.207227,1409.644479,1390.255048,1355.523418,1545.990877,1505.819045,1351.088974,0.26503,0.07101,0.16309,0.10225,1.9143,2.10833,1.89951,2.11523, 
239,1566.729963,1555.946817,1409.646697,1389.919953,1355.639143,1546.121634,1505.974667,1351.298575,0.26996,0.06772,0.16966,0.10389,1.92285,2.11589,1.90608,2.12345, 
240,1566.816778,1556.167325,1409.608911,1390.031253,1355.881264,1546.625097,1506.233493,1351.540252,0.26832,0.07265,0.16966,0.10554,1.93634,2.13332,1.92384,2.14055, 
241,1566.678711,1555.880817,1409.324811,1389.678947,1355.69951,1546.577603,1506.145779,1351.381806,0.27325,0.07265,0.16802,0.10883,1.93075,2.13266,1.92285,2.13727, 
242,1567.764486,1556.29931,1409.974802,1390.628893,1355.832631,1546.865725,1506.512081,1351.576227,0.27161,0.0743,0.1746,0.11047,1.9393,2.13727,1.92746,2.1422, 
243,1566.736534,1556.16713,1409.299612,1389.39909,1356.027668,1547.10952,1506.599518,1351.826256,0.27654,0.07594,0.17624,0.11212,1.95574,2.15437,1.94193,2.15864, 
244,1566.937705,1555.897721,1409.165565,1389.431949,1356.298692,1547.534906,1507.028964,1352.128148,0.26996,0.07265,0.17789,0.11047,1.95903,2.15963,1.9462,2.1639, 
245,1567.142683,1555.790506,1409.257606,1389.618436,1356.10642,1547.58714,1506.986885,1351.997691,0.27654,0.07923,0.17624,0.11705,1.96988,2.1741,1.95804,2.17936, 
246,1567.744014,1556.999573,1409.598462,1390.120866,1356.444861,1548.052876,1507.164029,1352.208014,0.27654,0.07759,0.17789,0.1154,1.98106,2.18363,1.97087,2.18363, 
247,1566.986311,1556.424661,1409.170494,1389.14829,1356.026178,1547.924447,1506.926102,1351.907427,0.28476,0.08087,0.18446,0.11869,1.99158,2.19383,1.97646,2.19843, 
248,1567.125433,1555.461443,1408.922688,1389.126087,1356.614987,1548.324209,1507.82806,1352.534574,0.27983,0.07923,0.19104,0.12198,1.99356,2.19909,1.98238,2.20633, 
249,1567.643071,1556.84274,1409.201431,1389.682571,1356.194429,1548.438935,1507.159614,1352.125165,0.28805,0.08087,0.18775,0.12034,2.00671,2.21257,1.99422,2.22014, 
250,1567.53042,1557.514765,1409.243625,1389.455371,1356.447015,1548.618342,1507.417071,1352.263413,0.28312,0.08416,0.19104,0.12527,2.00803,2.21619,1.9952,2.22145, 
251,1567.778045,1557.459072,1409.189907,1389.403762,1356.507291,1548.844394,1507.60047,1352.448959,0.28805,0.08581,0.19433,0.12691,2.01197,2.22277,2.00605,2.23494, 
252,1567.943986,1557.462093,1409.20077,1389.337339,1356.751412,1548.964815,1507.884968,1352.584403,0.29134,0.0891,0.19762,0.1302,2.03138,2.23033,2.01559,2.24579, 
253,1567.460685,1557.011338,1408.927943,1388.740433,1356.706118,1549.258792,1508.108133,1352.640113,0.29792,0.09074,0.19762,0.13349,2.03861,2.24579,2.02809,2.25631, 
254,1567.992337,1557.09239,1409.151852,1389.185343,1356.846615,1549.563202,1508.32611,1352.74459,0.29792,0.09074,0.20091,0.13349,2.04289,2.25697,2.03105,2.26289, 
255,1568.02486,1557.35464,1409.026357,1389.024405,1356.885044,1549.768609,1508.454718,1352.825898,0.3012,0.09732,0.19762,0.13185,2.0544,2.26289,2.04025,2.27144, 
256,1567.817007,1557.21892,1408.809971,1388.781891,1357.058297,1549.988163,1508.671751,1353.066524,0.3012,0.09403,0.20255,0.13678,2.06689,2.27834,2.05275,2.28393, 
257,1567.692752,1556.893445,1408.644546,1388.420176,1357.221157,1550.192716,1508.941136,1353.164151,0.30449,0.09403,0.20748,0.145,2.07577,2.28788,2.059,2.29183, 
258,1567.803743,1556.846323,1408.621213,1388.475706,1357.095943,1550.530993,1508.858863,1353.07719,0.30778,0.09896,0.20748,0.14336,2.08202,2.29314,2.06722,2.29873, 
259,1568.118289,1556.868841,1408.794815,1388.612158,1357.519109,1550.980433,1509.452181,1353.515496,0.30778,0.09896,0.20913,0.14664,2.09188,2.3063,2.0738,2.30926, 
260,1567.509744,1556.189533,1408.322529,1387.841049,1357.288538,1550.852083,1509.376123,1353.364455,0.30614,0.10389,0.21077,0.14664,2.09419,2.30695,2.08136,2.31419, 
261,1568.156716,1556.704059,1408.510207,1388.458346,1357.500835,1551.167333,1509.536031,1353.498342,0.30943,0.10061,0.21241,0.15158,2.1103,2.31978,2.0955,2.33195, 
262,1567.932991,1556.574426,1408.389731,1387.980104,1357.335134,1551.380508,1509.583042,1353.379596,0.31436,0.10225,0.21077,0.14829,2.11194,2.32833,2.10076,2.33622, 
263,1568.183412,1556.759115,1408.428429,1388.159338,1357.601627,1551.709384,1509.861605,1353.676246,0.316,0.10554,0.21899,0.15322,2.12576,2.33819,2.10833,2.34839, 
264,1567.850109,1556.30254,1408.117795,1387.532976,1357.474136,1551.600647,1509.931864,1353.524283,0.316,0.10554,0.21899,0.15158,2.13069,2.34806,2.11721,2.34806, 
265,1568.006623,1556.209213,1407.952988,1387.57388,1357.489695,1551.884384,1510.059086,1353.591486,0.32094,0.10225,0.22064,0.15322,2.13431,2.35135,2.12148,2.36121, 
266,1569.242637,1556.869905,1408.771154,1388.797546,1360.598906,1554.494556,1513.440394,1356.74591,0.32258,0.10554,0.22392,0.15158,2.14746,2.37174,2.13858,2.37864, 
267,1567.078234,1556.052086,1407.350502,1386.325977,1357.803349,1552.948529,1510.473286,1353.976951,0.32751,0.10883,0.22228,0.15158,2.1593,2.37799,2.14286,2.38226, 
268,1568.182056,1555.312352,1407.844031,1387.350313,1357.247293,1552.283545,1510.211313,1353.504884,0.32751,0.10883,0.22392,0.1598,2.1593,2.38621,2.14713,2.3918, 
269,1568.934259,1555.5469,1408.292081,1387.837081,1357.663018,1552.503607,1510.795674,1353.88392,0.3308,0.1154,0.22721,0.15815,2.17212,2.39574,2.15864,2.40068, 
270,1567.864283,1554.744974,1407.66364,1386.628365,1357.445373,1552.509701,1510.682819,1353.742353,0.32587,0.11869,0.23215,0.15651,2.18659,2.41219,2.17278,2.41843, 
271,1567.911507,1554.740435,1407.470535,1386.597165,1357.579321,1552.919451,1510.887137,1353.817524,0.33573,0.12198,0.23708,0.16144,2.19186,2.41811,2.17706,2.41482, 
272,1568.427185,1555.153554,1407.770518,1387.010973,1357.6642,1552.901179,1511.033061,1353.936411,0.3308,0.11869,0.23543,0.16309,2.19778,2.42403,2.18331,2.43225, 
273,1568.590529,1555.341993,1407.797149,1387.007313,1357.741724,1553.134361,1511.235957,1354.01535,0.33573,0.12363,0.23215,0.16144,2.19975,2.42468,2.19153,2.4306, 
274,1568.153497,1555.10936,1407.39198,1386.474765,1357.736734,1553.420789,1511.331401,1354.046196,0.33902,0.1302,0.24037,0.16473,2.21751,2.44507,2.20337,2.45395, 
275,1568.590323,1555.110695,1407.526709,1386.718878,1357.555999,1553.33437,1511.286917,1353.929384,0.34067,0.12691,0.24366,0.17131,2.21849,2.44606,2.20567,2.45395, 
276,1568.523685,1555.142255,1407.331166,1386.484577,1357.742758,1553.58912,1511.434396,1354.049686,0.34067,0.1302,0.24366,0.1746,2.23263,2.45954,2.21586,2.47171, 
277,1568.722844,1555.148773,1407.489894,1386.495466,1357.820855,1553.964046,1511.690153,1354.105563,0.34889,0.1302,0.24694,0.17295,2.23,2.46217,2.21586,2.46743, 
278,1568.586,1554.947592,1407.248631,1386.120922,1357.715884,1553.935538,1511.700937,1354.05298,0.34889,0.12691,0.25352,0.17624,2.24151,2.47368,2.2277,2.48388, 
279,1568.414306,1554.813974,1407.216803,1386.053577,1357.709214,1554.096314,1511.802241,1354.071388,0.35218,0.1302,0.25352,0.17953,2.255,2.48782,2.24349,2.49835, 
280,1568.946923,1555.106011,1407.330191,1386.284492,1357.841267,1554.404675,1512.004745,1354.18565,0.35218,0.13185,0.25517,0.18117,2.25828,2.4921,2.24283,2.50032, 
281,1568.190868,1554.640446,1406.811587,1385.37929,1357.704257,1554.360893,1512.083292,1354.128894,0.35053,0.13349,0.25517,0.17953,2.26453,2.50098,2.25335,2.50953, 
282,1568.962433,1554.805043,1407.171347,1385.996315,1357.662849,1554.565438,1512.095095,1354.067291,0.35218,0.13349,0.25681,0.18446,2.27374,2.50986,2.25664,2.51413, 
283,1568.830902,1554.835868,1406.992793,1385.557543,1357.664637,1554.764356,1512.162098,1354.011223,0.3604,0.13842,0.26668,0.18775,2.2961,2.52959,2.27867,2.53715, 
284,1569.25953,1555.324347,1407.09454,1385.957364,1357.763123,1555.065026,1512.294557,1354.168265,0.3604,0.145,0.25845,0.1894,2.29347,2.52926,2.27736,2.53781, 
285,1569.085903,1556.011149,1406.928647,1385.525883,1357.457734,1555.1926,1511.915541,1353.785326,0.36697,0.14171,0.26174,0.18446,2.3109,2.54504,2.29216,2.55162, 
286,1569.817273,1556.190035,1407.229957,1386.179648,1358.085629,1555.743011,1512.722918,1354.479245,0.36697,0.145,0.26996,0.18775,2.30399,2.54636,2.29183,2.54998, 
287,1568.958976,1555.11792,1406.871039,1385.304617,1357.426169,1555.416791,1512.33595,1353.865758,0.36533,0.14829,0.26996,0.19104,2.31846,2.55951,2.30564,2.56773, 
288,1569.681488,1556.428205,1406.981825,1385.871418,1357.757267,1555.979946,1512.35146,1353.989371,0.37191,0.145,0.2749,0.19597,2.33721,2.57398,2.31846,2.58187, 
289,1569.63467,1556.836588,1406.884966,1385.597041,1357.703091,1556.132592,1512.548192,1354.079806,0.37191,0.15158,0.27654,0.20091,2.33951,2.58056,2.32405,2.58352, 
290,1569.549247,1556.90341,1406.662927,1385.345897,1357.474758,1556.017883,1512.346366,1353.819593,0.37191,0.15158,0.27819,0.19926,2.34543,2.58977,2.33096,2.59634, 
291,1569.627121,1557.050585,1406.791774,1385.400263,1357.673669,1556.345959,1512.767975,1354.048003,0.37848,0.15158,0.27819,0.20091,2.35365,2.59601,2.33754,2.60358, 
292,1569.709338,1557.067652,1406.630368,1385.224558,1357.598147,1556.508232,1512.793173,1354.021794,0.37684,0.15487,0.28312,0.20255,2.36746,2.61312,2.35069,2.61739, 
293,1570.048946,1557.307716,1406.694146,1385.413155,1357.577875,1556.642115,1512.747416,1353.927405,0.38013,0.15651,0.28312,0.20419,2.36549,2.61312,2.3553,2.62002, 
294,1569.752982,1556.810755,1406.509298,1384.791091,1357.544891,1556.774285,1512.953077,1353.881351,0.38342,0.1598,0.28312,0.20584,2.37897,2.62167,2.36483,2.63252, 
295,1570.124012,1557.201435,1406.680242,1385.197309,1357.468074,1556.981962,1512.976138,1353.919015,0.38835,0.15815,0.28805,0.20584,2.38226,2.63252,2.36878,2.63482, 
296,1570.182128,1557.219352,1406.607878,1384.989132,1357.573616,1557.184718,1513.151854,1353.945742,0.38999,0.16473,0.29298,0.21241,2.39344,2.64107,2.3816,2.65093, 
297,1569.838572,1556.865039,1406.389378,1384.520677,1357.516651,1557.286732,1513.442529,1354.061372,0.39328,0.16638,0.29956,0.21735,2.4089,2.65521,2.39311,2.6608, 
298,1570.557498,1557.197739,1406.608,1385.001764,1357.456389,1557.574109,1513.448416,1353.911202,0.39328,0.16966,0.30285,0.21406,2.40988,2.65817,2.39739,2.66639, 
299,1569.996141,1556.965145,1406.101376,1384.300895,1357.429069,1557.594534,1513.498178,1353.848844,0.4015,0.17295,0.30285,0.22228,2.41876,2.67264,2.41021,2.67987, 
300,1570.309169,1556.757465,1406.122064,1384.486463,1357.446974,1557.723106,1513.583767,1353.781822,0.39986,0.17131,0.30285,0.22228,2.4283,2.67889,2.41284,2.68185, 
301,1570.305537,1556.7911,1406.087969,1384.273798,1357.285828,1557.913257,1513.568028,1353.714973,0.40973,0.17624,0.30943,0.22886,2.44277,2.69664,2.42797,2.70158, 
302,1570.49725,1557.148475,1406.165055,1384.35428,1357.299118,1558.078325,1513.743397,1353.698124,0.40644,0.1746,0.31107,0.22886,2.44474,2.69467,2.43093,2.70618, 
303,1570.523792,1556.878394,1406.000852,1384.12752,1357.28465,1558.278954,1513.815801,1353.822073,0.40973,0.17953,0.31436,0.23215,2.45757,2.71078,2.4431,2.71966, 
304,1570.482225,1556.88727,1405.978233,1384.076034,1357.261611,1558.441949,1513.868574,1353.739725,0.40973,0.18117,0.31765,0.23215,2.4579,2.71835,2.44441,2.71933, 
305,1570.563282,1557.049,1405.808108,1383.831427,1357.214971,1558.690215,1513.981806,1353.705581,0.4163,0.18117,0.316,0.23379,2.4671,2.72427,2.45658,2.73479, 
306,1570.642518,1556.739203,1405.945323,1383.870564,1356.973631,1558.666909,1513.972362,1353.620041,0.42124,0.18775,0.32751,0.23215,2.48026,2.73874,2.46612,2.74203, 
307,1570.918162,1557.000884,1405.974401,1383.965766,1357.060459,1558.940224,1514.178093,1353.666975,0.42617,0.18775,0.32258,0.23872,2.47796,2.73841,2.46908,2.7486, 
308,1570.882574,1556.963142,1405.654435,1383.68132,1357.063406,1559.119547,1514.297122,1353.397065,0.42288,0.18775,0.32916,0.24366,2.4944,2.75748,2.48322,2.76406, 
309,1570.844388,1556.541305,1405.518153,1383.421711,1357.067275,1559.24732,1514.324477,1353.206156,0.42781,0.19597,0.32751,0.25188,2.51018,2.76899,2.49637,2.77064, 
310,1570.812103,1556.530373,1405.409034,1383.350448,1356.883908,1559.36345,1514.376378,1353.039783,0.42946,0.20255,0.33245,0.24859,2.51841,2.77787,2.50361,2.78576, 
311,1571.045797,1556.565221,1405.530072,1383.249741,1356.896226,1559.619653,1514.386831,1353.155342,0.43439,0.19926,0.33245,0.25188,2.51841,2.7828,2.5069,2.78609, 
312,1571.128867,1556.672342,1405.585114,1383.190615,1356.802286,1559.720369,1514.567098,1353.022918,0.43275,0.20419,0.33902,0.25352,2.52728,2.793,2.51676,2.80122, 
313,1571.245267,1556.703568,1405.508538,1383.192901,1356.684052,1559.829609,1514.529148,1352.930634,0.43439,0.20748,0.33902,0.25845,2.53682,2.80188,2.52169,2.80812, 
314,1571.489938,1556.891912,1405.381821,1383.123145,1356.747351,1560.028671,1514.648181,1353.014937,0.44097,0.20913,0.34231,0.25845,2.5411,2.80582,2.52663,2.8124, 
315,1571.225344,1556.469591,1405.163364,1382.737698,1356.576237,1560.117176,1514.756311,1352.864214,0.4459,0.20748,0.34396,0.25681,2.55326,2.82062,2.53912,2.82818, 
316,1571.460764,1556.645586,1405.189625,1382.738011,1356.678206,1560.331711,1514.957314,1353.023349,0.4459,0.21735,0.34724,0.26668,2.5628,2.83147,2.55063,2.83706, 
317,1571.610356,1556.770463,1405.281072,1382.745111,1356.48135,1560.411685,1514.881404,1352.891619,0.44754,0.21406,0.34889,0.26668,2.56576,2.83542,2.55261,2.83904, 
318,1571.247104,1556.248022,1404.798739,1382.154922,1356.272377,1560.579804,1514.865937,1352.699409,0.45248,0.22228,0.35218,0.26668,2.57464,2.84364,2.56116,2.84956, 
319,1571.738836,1556.552963,1404.956049,1382.444054,1356.441383,1560.920962,1515.160658,1353.043075,0.45412,0.21735,0.35382,0.27161,2.58714,2.85778,2.57201,2.86271, 
320,1571.366173,1556.360983,1404.788894,1382.195499,1356.294226,1561.123993,1515.258815,1353.169437,0.45905,0.22886,0.35875,0.27819,2.60062,2.8683,2.58253,2.87258, 
321,1571.751471,1556.373326,1404.803166,1382.375799,1356.273229,1561.191607,1515.282356,1352.996563,0.46563,0.2305,0.36369,0.28147,2.60456,2.87324,2.5901,2.8831, 
322,1571.651312,1556.4654,1404.537411,1382.220719,1356.114751,1561.334163,1515.302087,1353.090238,0.46234,0.23543,0.36862,0.27983,2.61048,2.8831,2.59503,2.88771, 
323,1571.804827,1556.402959,1404.5517,1382.302469,1356.225667,1561.477969,1515.344823,1352.837191,0.47385,0.23215,0.37191,0.28969,2.61607,2.88869,2.60391,2.89494, 
324,1571.648198,1556.188229,1404.208458,1381.84922,1356.014688,1561.596799,1515.357047,1352.62034,0.47221,0.24201,0.3752,0.28805,2.63219,2.90711,2.61805,2.91336, 
325,1572.136693,1556.528664,1404.524317,1382.090263,1355.964659,1561.870353,1515.374283,1352.469272,0.47221,0.23872,0.3752,0.29627,2.63252,2.90711,2.61805,2.91467, 
326,1571.628968,1556.051041,1404.058618,1381.371022,1356.087798,1562.080315,1515.712482,1352.618549,0.47878,0.24694,0.37848,0.29463,2.6414,2.9173,2.63219,2.92848, 
327,1572.113404,1556.123749,1404.196198,1381.779308,1355.994965,1562.191957,1515.744609,1352.555474,0.48207,0.24859,0.38835,0.29298,2.6506,2.93177,2.64107,2.93013, 
328,1571.993912,1556.330396,1404.02963,1381.349789,1356.041009,1562.433276,1515.899337,1352.521396,0.48536,0.25681,0.39164,0.30285,2.6631,2.94328,2.65126,2.9515, 
329,1572.228977,1556.331976,1404.09567,1381.554995,1355.940768,1562.681577,1515.936024,1352.388694,0.49029,0.25517,0.39493,0.30449,2.67001,2.94854,2.65192,2.95348, 
330,1572.117352,1556.068533,1403.878797,1381.206406,1355.839062,1562.700177,1516.048086,1352.241033,0.49194,0.25517,0.39164,0.30449,2.68217,2.9594,2.66573,2.96597, 
331,1571.499839,1555.660745,1403.296538,1380.422054,1355.586161,1562.854634,1516.049817,1352.154574,0.49687,0.25681,0.39657,0.30778,2.68053,2.96104,2.66474,2.96597, 
332,1573.356845,1556.637026,1404.370409,1382.158048,1356.027043,1563.388159,1516.477679,1352.464275,0.50016,0.25845,0.39986,0.30614,2.69303,2.97025,2.67921,2.9811, 
333,1572.44265,1556.10182,1403.967647,1380.988397,1355.470794,1563.284436,1516.132595,1351.954394,0.50509,0.26832,0.40973,0.316,2.70618,2.98965,2.6927,2.9936, 
334,1572.402983,1556.230852,1403.715781,1380.922489,1355.493935,1563.451912,1516.316766,1352.027248,0.50345,0.26996,0.40973,0.31929,2.71539,2.9982,2.70026,2.99721, 
335,1573.008234,1556.377037,1404.071628,1381.309312,1355.501747,1563.579297,1516.468624,1352.067273,0.50838,0.26503,0.40973,0.31765,2.71736,3.00215,2.70585,3.01103, 
336,1572.79737,1556.299464,1403.694012,1380.840305,1355.291963,1563.701519,1516.482652,1351.75338,0.51496,0.27325,0.41301,0.32258,2.71999,3.00609,2.70684,3.01135, 
337,1571.624219,1555.613644,1402.730308,1379.586025,1355.163686,1563.92125,1516.522534,1351.655969,0.52318,0.27819,0.41959,0.3308,2.74203,3.0278,2.72427,3.03306, 
338,1573.248184,1556.248948,1403.543709,1380.999863,1355.324487,1564.315932,1516.723659,1351.74473,0.51989,0.27983,0.42617,0.33409,2.74433,3.03339,2.73282,3.03865, 
339,1572.020674,1555.24928,1402.759947,1379.544877,1354.966611,1564.197043,1516.674215,1351.465852,0.52647,0.27983,0.42617,0.33573,2.75781,3.04391,2.73643,3.04687, 
340,1572.511564,1555.586288,1402.811367,1379.850141,1354.961175,1564.51905,1516.788312,1351.483365,0.52647,0.28312,0.42781,0.33902,2.75189,3.04523,2.74367,3.05213, 
341,1573.290713,1556.013655,1403.228889,1380.434648,1355.132947,1564.883635,1517.101102,1351.667164,0.53469,0.28805,0.43603,0.34396,2.77195,3.06397,2.75748,3.06825, 
342,1573.249776,1556.120471,1403.296016,1380.11532,1355.12979,1565.260456,1517.183995,1351.591378,0.53469,0.29134,0.43932,0.34724,2.77984,3.07252,2.76472,3.07614, 
343,1572.73641,1555.505178,1402.799485,1379.403537,1354.880978,1565.250913,1517.128867,1351.248859,0.54127,0.29463,0.43768,0.35218,2.78971,3.08009,2.77655,3.0837, 
344,1572.936898,1555.366105,1402.703533,1379.489803,1354.81239,1565.347745,1517.24506,1351.235857,0.54784,0.29792,0.44261,0.35382,2.78905,3.08304,2.77853,3.09291, 
345,1573.188821,1555.538718,1402.771399,1379.549578,1354.740782,1565.662219,1517.285166,1351.107915,0.54784,0.29627,0.44919,0.35711,2.80056,3.09258,2.78313,3.09982, 
346,1573.31008,1555.419286,1402.793892,1379.50308,1354.493488,1565.875941,1517.322454,1351.066329,0.55442,0.30943,0.45576,0.36369,2.8147,3.11067,2.80155,3.11955, 
347,1573.241705,1554.814041,1402.443116,1379.251222,1354.406195,1565.67556,1517.391508,1350.922129,0.55771,0.30943,0.4607,0.36369,2.81733,3.11363,2.80352,3.12152, 
348,1573.062103,1553.989499,1402.303828,1378.740616,1353.967468,1565.594372,1517.280928,1350.598231,0.55935,0.31436,0.46563,0.36862,2.82917,3.12415,2.81602,3.13369, 
349,1572.953958,1553.003825,1402.129484,1378.423695,1354.201262,1565.930436,1517.85164,1350.772862,0.56757,0.31765,0.46892,0.37355,2.82983,3.12612,2.81602,3.13402, 
350,1573.260268,1552.987871,1402.314943,1378.611392,1354.273755,1566.245179,1517.997681,1350.846529,0.57086,0.32587,0.47385,0.37848,2.83904,3.14092,2.82851,3.14651, 
351,1573.163648,1553.522166,1401.954051,1378.338579,1353.857605,1566.224213,1517.474059,1350.384478,0.5758,0.32422,0.47714,0.38342,2.85482,3.15638,2.84331,3.16263, 
352,1573.460888,1553.159247,1401.932393,1378.394825,1353.882596,1566.454454,1517.934634,1350.421163,0.57908,0.32916,0.47714,0.38671,2.85943,3.15967,2.84759,3.16296, 
353,1573.131479,1552.555503,1401.76885,1377.885009,1353.432844,1566.349657,1517.710132,1350.032229,0.58895,0.33573,0.48043,0.38342,2.8683,3.16986,2.85581,3.17775, 
354,1573.53784,1552.738942,1401.857293,1378.059334,1353.588269,1566.788117,1517.904901,1350.054457,0.58566,0.33902,0.48865,0.38999,2.87192,3.17644,2.85877,3.18006, 
355,1573.362935,1552.455292,1401.517016,1377.571186,1353.437845,1566.81897,1518.15486,1350.035579,0.59059,0.34231,0.49358,0.4015,2.8831,3.19157,2.86962,3.19453, 
356,1573.908397,1552.771271,1401.892943,1378.077113,1353.362937,1567.077732,1518.085851,1349.858141,0.59553,0.35218,0.49852,0.40315,2.89165,3.19979,2.87981,3.20439, 
357,1573.447809,1552.60444,1401.452098,1377.52654,1353.538118,1567.556961,1518.508624,1350.115933,0.59553,0.35382,0.50345,0.40808,2.89889,3.20669,2.88508,3.20965, 
358,1574.058389,1552.784974,1401.663183,1377.912253,1353.080312,1567.295475,1518.03004,1349.63866,0.60046,0.35711,0.51331,0.40808,2.90382,3.21689,2.8956,3.21952, 
359,1573.688814,1552.648561,1401.055267,1377.125629,1353.184325,1567.803038,1518.653606,1349.776276,0.60704,0.3604,0.51496,0.4163,2.92322,3.23004,2.90481,3.23399, 
360,1574.109874,1552.873378,1401.32488,1377.476554,1353.151883,1568.113967,1518.459145,1349.561966,0.60868,0.36862,0.52647,0.42946,2.92355,3.23662,2.91336,3.24155, 
361,1574.07951,1552.670079,1401.405931,1377.318462,1352.791328,1568.00754,1518.384879,1349.349585,0.6169,0.37026,0.52318,0.42617,2.93736,3.24352,2.91796,3.2478, 
362,1574.507304,1552.811093,1401.498545,1377.458651,1352.889768,1568.213442,1518.626364,1349.256472,0.61855,0.37684,0.53304,0.4311,2.94953,3.25701,2.93177,3.26358, 
363,1573.935137,1552.535957,1401.003447,1376.77004,1352.486974,1568.192295,1518.330622,1348.963737,0.63006,0.37191,0.53304,0.43603,2.95315,3.25931,2.93638,3.2672, 
364,1573.973321,1552.276535,1400.641431,1376.515505,1352.516413,1568.509343,1518.580562,1348.952691,0.6317,0.38342,0.54127,0.44754,2.9686,3.27674,2.95249,3.28332, 
365,1574.490374,1552.877504,1400.772567,1376.903785,1352.17754,1568.512,1518.451821,1348.648189,0.63663,0.39164,0.54127,0.44425,2.96597,3.27509,2.95216,3.28463, 
366,1574.399369,1552.694047,1400.509729,1376.445917,1352.265729,1568.802211,1518.701526,1348.752412,0.63828,0.39822,0.55113,0.45083,2.97584,3.29022,2.96564,3.30173, 
367,1574.081662,1552.264029,1400.282785,1376.122266,1352.302683,1569.135911,1518.836539,1348.774741,0.64814,0.4015,0.55442,0.45248,2.98603,3.30042,2.96992,3.30601, 
368,1574.783727,1552.729453,1400.543574,1376.458245,1351.966331,1569.276758,1518.725447,1348.458725,0.64485,0.40315,0.56429,0.45576,2.99393,3.30962,2.98143,3.31785, 
369,1574.407002,1552.508863,1400.140728,1375.876114,1351.781142,1569.322135,1518.780529,1348.300128,0.65636,0.40973,0.56757,0.46234,3.00741,3.32245,2.99129,3.32738, 
370,1574.832667,1552.468809,1400.251816,1376.121158,1351.683052,1569.485876,1518.83068,1348.125796,0.65801,0.41137,0.56757,0.46563,3.00083,3.32409,2.99294,3.32968, 
371,1574.666264,1552.385554,1400.091008,1375.862615,1351.571703,1569.772881,1518.822316,1347.960108,0.67116,0.42124,0.57744,0.47056,3.01431,3.33692,3.0028,3.34185, 
372,1574.880231,1552.290117,1400.218259,1375.940647,1351.473815,1569.797264,1518.872494,1347.746061,0.67116,0.42452,0.58731,0.48043,3.03141,3.34744,3.01695,3.35139, 
373,1574.528381,1551.874578,1399.649809,1375.403841,1351.279837,1569.916826,1518.881444,1347.518379,0.67938,0.42946,0.58566,0.48536,3.03832,3.35829,3.02385,3.3652, 
374,1575.177623,1552.524636,1399.722983,1375.741333,1351.148973,1570.153477,1518.95865,1347.479131,0.67774,0.43439,0.58731,0.48536,3.04227,3.36388,3.02846,3.36948, 
375,1575.002618,1552.257827,1399.6246,1375.468229,1350.949782,1570.355414,1518.95319,1347.255089,0.69418,0.44097,0.59717,0.49687,3.05476,3.37737,3.04095,3.38329, 
376,1575.043503,1552.280007,1399.551966,1375.288557,1351.124654,1570.752796,1519.267562,1347.463858,0.69254,0.4459,0.6021,0.49523,3.05707,3.38098,3.04325,3.38723, 
377,1574.800563,1552.032575,1399.323729,1374.798227,1350.839677,1570.853415,1519.264895,1347.086829,0.69911,0.44425,0.60868,0.50345,3.06627,3.39348,3.05674,3.39973, 
378,1575.815052,1552.486054,1399.80905,1375.619328,1350.652159,1570.869971,1519.252454,1346.841871,0.70898,0.45412,0.61526,0.51331,3.07844,3.40433,3.06364,3.40762, 
379,1575.437279,1552.424238,1399.317641,1374.968876,1350.497901,1571.050845,1519.315136,1346.640972,0.71556,0.4607,0.62348,0.51003,3.0814,3.4096,3.07417,3.41617, 
380,1575.779697,1552.563019,1399.326006,1375.060745,1350.476139,1571.502532,1519.438811,1346.763126,0.72213,0.46563,0.62677,0.52318,3.09883,3.42406,3.08337,3.43031, 
381,1575.09061,1551.768985,1398.661959,1374.103298,1350.085868,1571.368604,1519.261779,1346.342836,0.72542,0.46563,0.63006,0.52153,3.0962,3.42406,3.08272,3.42933, 
382,1575.663093,1551.985872,1398.835971,1374.57572,1350.092375,1571.653111,1519.387298,1346.43969,0.73036,0.47221,0.63992,0.5314,3.10968,3.43886,3.09751,3.44478, 
383,1576.003367,1552.26952,1399.114975,1374.551425,1350.021068,1571.872828,1519.47349,1346.225995,0.73529,0.48043,0.64814,0.53633,3.12251,3.45037,3.11198,3.45794, 
384,1575.802643,1551.8564,1398.736687,1374.240174,1349.917838,1571.673627,1519.44035,1345.978053,0.73858,0.48372,0.65472,0.54784,3.12941,3.45794,3.11527,3.46583, 
385,1575.716326,1551.707383,1398.421722,1373.845921,1349.549304,1571.989911,1519.163197,1345.797316,0.75173,0.48207,0.65636,0.5462,3.13204,3.46583,3.12119,3.47273, 
386,1576.757817,1552.290904,1399.107896,1374.654936,1349.622436,1572.555565,1519.456693,1345.769373,0.75009,0.49029,0.65965,0.55113,3.14487,3.47537,3.12678,3.4803, 
387,1575.212817,1551.008701,1397.704339,1372.964095,1349.28041,1572.639297,1519.422589,1345.434075,0.76653,0.50345,0.67281,0.56429,3.15638,3.48819,3.13961,3.49608, 
388,1576.171059,1551.614829,1398.248673,1373.590755,1349.166504,1572.504479,1519.602696,1345.367224,0.76982,0.50509,0.67281,0.56593,3.16164,3.49082,3.14421,3.50036, 
389,1576.516905,1551.853079,1398.47213,1373.839641,1349.134024,1572.746369,1520.081395,1345.281885,0.77311,0.51003,0.67609,0.57251,3.16953,3.5043,3.15342,3.51088, 
390,1576.550374,1551.734751,1398.469002,1373.680124,1348.817591,1573.028352,1519.614076,1345.039084,0.77804,0.5166,0.68596,0.57251,3.17183,3.5099,3.15967,3.51516, 
391,1576.436747,1551.821796,1398.035057,1373.363838,1348.920504,1573.417454,1519.956919,1345.04684,0.79777,0.52811,0.7024,0.59059,3.18367,3.52173,3.17381,3.53127, 
392,1576.943529,1551.882584,1398.321537,1373.551782,1348.655652,1573.298598,1519.700663,1344.756996,0.79941,0.52976,0.70405,0.59059,3.19321,3.53226,3.17841,3.53883, 
393,1576.917671,1551.807531,1398.114212,1373.321426,1348.68859,1573.558873,1519.980567,1344.645545,0.80599,0.54127,0.70734,0.60046,3.20275,3.54245,3.19189,3.55034, 
394,1576.880908,1551.880733,1397.887651,1373.102324,1348.36321,1573.648164,1519.856502,1344.372728,0.80764,0.53798,0.71885,0.60868,3.2011,3.54245,3.19124,3.55265, 
395,1577.281367,1552.261293,1398.084453,1373.283304,1348.208141,1573.909356,1519.941281,1344.263741,0.81915,0.54949,0.72542,0.61197,3.21064,3.55659,3.20275,3.56547, 
396,1577.259309,1551.910108,1397.991945,1373.038994,1348.198713,1574.002566,1519.999013,1344.062409,0.82737,0.55278,0.73036,0.62841,3.22379,3.57106,3.21656,3.57632, 
397,1577.261119,1551.773426,1397.835036,1372.752679,1347.944495,1574.147153,1519.869995,1343.798914,0.83723,0.56264,0.74187,0.63334,3.24155,3.58422,3.22577,3.58257, 
398,1577.658269,1551.989893,1398.001514,1372.833465,1347.851599,1574.459948,1520.119173,1343.434432,0.83559,0.56757,0.7468,0.6317,3.2353,3.58619,3.22642,3.58981, 
399,1577.649027,1551.713907,1397.61961,1372.456669,1347.818428,1574.698388,1520.201777,1343.269939,0.8471,0.57086,0.75337,0.63663,3.24583,3.59178,3.23136,3.59737, 
400,1578.127023,1551.92108,1397.703511,1372.61952,1347.631709,1574.937892,1520.144518,1343.327046,0.86354,0.58895,0.77146,0.65308,3.26852,3.61348,3.25339,3.61907, 
401,1577.780933,1551.478184,1397.575625,1372.092411,1347.362838,1574.943858,1520.079782,1343.430726,0.87176,0.59059,0.76817,0.65636,3.26852,3.61447,3.25799,3.62532, 
402,1578.078601,1551.619379,1397.606579,1372.173621,1347.218547,1575.033445,1520.184671,1343.407644,0.87998,0.59717,0.78133,0.65965,3.27904,3.62598,3.26457,3.63256, 
403,1578.231683,1551.845909,1397.505151,1372.085879,1347.215789,1575.098019,1520.200033,1343.017784,0.88163,0.60375,0.7879,0.66459,3.28036,3.63289,3.26983,3.63585, 
404,1578.355308,1551.814888,1397.477916,1372.055765,1347.173524,1575.381316,1520.386608,1342.890298,0.89971,0.61361,0.80599,0.67938,3.29614,3.64867,3.28397,3.65163, 
405,1578.937387,1552.612443,1397.699214,1372.500146,1347.057914,1575.714134,1520.138696,1342.704974,0.91287,0.61855,0.81257,0.68596,3.3093,3.65656,3.28989,3.66183, 
406,1579.064392,1553.443744,1397.725835,1372.498995,1346.949392,1576.002353,1520.249512,1342.390628,0.91287,0.62183,0.81421,0.69089,3.30535,3.65985,3.29614,3.66676, 
407,1578.521866,1552.842594,1397.177536,1371.804008,1346.810874,1576.251524,1520.506608,1342.413557,0.92273,0.63006,0.82572,0.69089,3.3185,3.67136,3.30634,3.67695, 
408,1579.316309,1552.795814,1397.446931,1372.489118,1346.68776,1576.244201,1520.420189,1342.253269,0.92438,0.63334,0.83065,0.70076,3.32245,3.67432,3.31061,3.68221, 
409,1578.842443,1552.370503,1397.030425,1371.724539,1346.398635,1576.29026,1520.452943,1341.985802,0.9474,0.64979,0.85039,0.7172,3.3356,3.69142,3.32179,3.69734, 
410,1578.841178,1552.031598,1396.748231,1371.61518,1346.239499,1576.431967,1520.505826,1341.81163,0.9474,0.65636,0.85367,0.7172,3.34086,3.69668,3.32804,3.70195, 
411,1578.778282,1551.900397,1396.745703,1371.363202,1346.204593,1576.81734,1520.554571,1341.889167,0.95891,0.65965,0.86518,0.73036,3.34514,3.70622,3.33429,3.71148, 
412,1579.388473,1552.27523,1396.877176,1371.572507,1346.078142,1576.988586,1520.55284,1341.570099,0.96713,0.66459,0.86847,0.73364,3.35797,3.71345,3.34185,3.72003, 
413,1579.267061,1552.030726,1396.712479,1371.340536,1345.935851,1577.108732,1520.618177,1341.443091,0.98357,0.67609,0.88656,0.7468,3.36717,3.72792,3.35435,3.73483, 
414,1579.354421,1551.978572,1396.695822,1371.142234,1345.985248,1577.627512,1520.988141,1341.57209,0.99179,0.68432,0.89971,0.75173,3.37375,3.73713,3.36356,3.74174, 
415,1579.718166,1552.020504,1396.64402,1371.236396,1345.743228,1577.52881,1520.651932,1341.116117,0.99837,0.68432,0.90136,0.76324,3.38756,3.74634,3.37309,3.74766, 
416,1579.437106,1551.803873,1396.450226,1371.03489,1345.7665,1577.880482,1521.028466,1341.211196,1.00988,0.69583,0.91616,0.76488,3.38394,3.7493,3.37441,3.75423, 
417,1579.398493,1551.74432,1396.215227,1370.695021,1345.528626,1577.970852,1520.939694,1341.04496,1.02303,0.7024,0.92602,0.77475,3.4017,3.76311,3.38756,3.76804, 
418,1579.740469,1551.901063,1396.340093,1370.846133,1345.461095,1578.152858,1520.812536,1340.731661,1.03783,0.72213,0.93918,0.79119,3.41815,3.77758,3.40137,3.78383, 
419,1579.910922,1552.084716,1396.426751,1370.83297,1345.563197,1578.577204,1521.335062,1340.848591,1.04934,0.72378,0.95233,0.79613,3.41716,3.78021,3.40302,3.78449, 
420,1579.745156,1552.263791,1396.151872,1370.571689,1345.394874,1578.733215,1521.007729,1340.589208,1.05427,0.732,0.96713,0.81586,3.43327,3.79205,3.41453,3.79896, 
421,1580.149526,1552.963166,1396.288812,1370.799723,1345.410617,1579.190966,1521.331931,1340.526799,1.06907,0.74187,0.97699,0.82408,3.43229,3.79961,3.41979,3.8052, 
422,1580.276459,1553.154279,1396.238836,1370.800373,1345.456026,1579.55669,1521.547799,1340.424561,1.08716,0.75666,0.98686,0.8323,3.44643,3.81014,3.43327,3.81606, 
423,1580.552614,1553.51829,1396.174892,1370.92494,1345.408222,1580.009627,1521.549197,1340.263176,1.09374,0.75831,1.00166,0.83888,3.453,3.82033,3.43755,3.82494, 
424,1580.654988,1553.426012,1396.010422,1370.669541,1345.216365,1579.807764,1521.341945,1340.073955,1.10689,0.76653,1.00988,0.8471,3.45563,3.82494,3.4461,3.8302, 
425,1580.663931,1553.490597,1396.02882,1370.806968,1345.130234,1579.846734,1521.277363,1339.794441,1.12333,0.78462,1.0329,0.85696,3.47142,3.84302,3.45892,3.84467, 
426,1580.900583,1553.847849,1396.087113,1370.745384,1345.26528,1580.348434,1521.721588,1339.935807,1.12662,0.78955,1.04276,0.86847,3.47175,3.84171,3.4609,3.84828, 
427,1580.279797,1553.206387,1395.757964,1370.112768,1345.029137,1580.585417,1521.740746,1339.916462,1.15951,0.80764,1.05592,0.88163,3.48293,3.86078,3.47076,3.86078, 
428,1580.863124,1553.316719,1396.067418,1370.441241,1344.829641,1580.645884,1521.729376,1339.811723,1.15786,0.80599,1.06414,0.88327,3.49016,3.86243,3.47898,3.8667, 
429,1580.5693,1553.24997,1395.704768,1370.039247,1344.917628,1581.15981,1521.99857,1339.788004,1.18253,0.82079,1.08551,0.90465,3.50562,3.87821,3.49082,3.88314, 
430,1580.679802,1552.976189,1395.620584,1369.958177,1344.891897,1581.224482,1522.126666,1339.674405,1.18253,0.83065,1.09045,0.91122,3.50595,3.88084,3.49608,3.8884, 
431,1580.546313,1552.817236,1395.401577,1369.635947,1344.62432,1581.327706,1522.012953,1339.487055,1.20226,0.83888,1.10853,0.92273,3.52042,3.89235,3.50496,3.8986, 
432,1581.068631,1553.211854,1395.599488,1369.915319,1344.785283,1581.752769,1522.26012,1339.459382,1.21377,0.85203,1.12169,0.93589,3.52042,3.9009,3.51055,3.90518, 
433,1581.128194,1553.276729,1395.730459,1369.98618,1344.649872,1581.782608,1522.213127,1339.319644,1.22856,0.8619,1.13155,0.93918,3.53291,3.90814,3.52305,3.91142, 
434,1581.090154,1553.067095,1395.366727,1369.660287,1344.516659,1581.931739,1522.176642,1339.038088,1.24665,0.87176,1.15293,0.95726,3.54442,3.92228,3.53127,3.92787, 
435,1581.223017,1553.287205,1395.555681,1369.829872,1344.572703,1582.413248,1522.483078,1339.087681,1.26803,0.88985,1.17102,0.96877,3.55067,3.93214,3.53883,3.93412, 
436,1581.058844,1553.023433,1395.381072,1369.524377,1344.531173,1582.624671,1522.697032,1338.955251,1.28611,0.90629,1.19075,0.98521,3.56712,3.94562,3.55297,3.94858, 
437,1581.453676,1553.282779,1395.411631,1369.618089,1344.498274,1582.888237,1522.693086,1339.135571,1.29598,0.91122,1.2039,0.98686,3.56744,3.94628,3.55429,3.95253, 
438,1581.478242,1553.372998,1395.34674,1369.547137,1344.57449,1583.250288,1522.802195,1339.097666,1.319,0.9326,1.23185,1.00659,3.57797,3.96075,3.56646,3.967, 
439,1581.43103,1553.115317,1395.099781,1369.408986,1344.44553,1583.340604,1522.890889,1338.892465,1.32886,0.93753,1.23021,1.01481,3.58652,3.96601,3.56942,3.97128, 
440,1581.533007,1553.319813,1395.235952,1369.636017,1344.479082,1583.716776,1523.018714,1338.805906,1.34202,0.94575,1.2483,1.02961,3.58948,3.97358,3.57764,3.98015, 
441,1581.538054,1553.090595,1395.156766,1369.326787,1344.580849,1583.688817,1523.036258,1338.732173,1.36504,0.95891,1.26309,1.03948,3.60526,3.98574,3.59079,3.99397, 
442,1581.440013,1552.396847,1395.067914,1369.062739,1344.445048,1583.690372,1523.134236,1338.551224,1.37819,0.97042,1.28283,1.05099,3.60756,3.9966,3.5977,4.00021, 
443,1581.290348,1552.3618,1394.800146,1368.954004,1344.187967,1583.762832,1523.012676,1338.492961,1.39299,0.97864,1.3042,1.06414,3.61315,4.0035,3.6023,4.00745, 
444,1581.339248,1552.211664,1394.767594,1368.997902,1344.243001,1584.187349,1523.322873,1338.460752,1.40286,0.9885,1.30913,1.07236,3.62565,4.01534,3.6171,4.01172, 
445,1581.175068,1552.09089,1394.583176,1368.545768,1344.293945,1584.452158,1523.453856,1338.509881,1.43245,1.00495,1.34037,1.09538,3.63749,4.02323,3.62269,4.03014, 
446,1581.398756,1552.25649,1394.55843,1368.612374,1344.426013,1584.910167,1523.497325,1338.475466,1.44889,1.02303,1.35517,1.11018,3.63683,4.03409,3.63026,4.03803, 
447,1581.41513,1552.197759,1394.466678,1368.514439,1344.352475,1585.306329,1523.591452,1338.457584,1.47356,1.03783,1.37326,1.12169,3.65097,4.04428,3.64505,4.05283, 
448,1581.118065,1551.931858,1394.290682,1368.122149,1344.108148,1585.487744,1523.781188,1338.274375,1.47685,1.04112,1.38806,1.12991,3.6513,4.0479,3.64571,4.05316, 
449,1581.299694,1552.172072,1394.302564,1368.26395,1344.101409,1585.64431,1523.591494,1338.143862,1.50151,1.05099,1.4045,1.148,3.66446,4.05908,3.65656,4.06566, 
450,1581.526077,1552.375813,1394.34871,1368.264451,1344.269757,1586.045842,1523.971822,1338.129921,1.52617,1.07729,1.43903,1.16279,3.67432,4.07289,3.6684,4.0821, 
451,1581.816095,1552.66645,1394.671904,1368.519843,1344.264684,1586.118319,1524.065456,1338.085627,1.53768,1.08387,1.44561,1.1743,3.67958,4.07815,3.66807,4.08407, 
452,1581.545524,1552.935922,1394.627034,1368.295076,1344.272291,1586.359382,1524.139067,1338.008864,1.55906,1.09702,1.46369,1.18417,3.68452,4.08769,3.6786,4.09262, 
453,1581.502423,1552.965151,1394.396983,1368.258564,1344.286761,1586.571918,1524.231312,1337.94271,1.5755,1.10853,1.48178,1.19732,3.69635,4.09131,3.68189,4.09624, 
454,1581.625341,1552.898705,1394.594594,1368.203427,1344.08892,1586.657712,1524.273905,1337.864745,1.61168,1.1332,1.52289,1.23185,3.71378,4.11268,3.7049,4.12025, 
455,1581.57706,1552.67654,1394.194091,1367.863218,1344.179539,1587.008657,1524.324653,1337.753961,1.62812,1.14635,1.5344,1.24172,3.71707,4.11761,3.70622,4.12353, 
456,1582.081109,1552.908549,1394.505651,1368.170813,1344.113167,1587.271424,1524.638847,1337.770475,1.65443,1.16773,1.55577,1.25652,3.7276,4.12781,3.71576,4.13307, 
457,1581.730688,1552.675968,1394.359641,1367.82601,1344.026195,1587.404951,1524.650258,1337.733437,1.66429,1.17266,1.57057,1.26638,3.73319,4.13208,3.71937,4.138, 
458,1582.065558,1553.184832,1394.401753,1368.175087,1344.265879,1587.783374,1524.744992,1337.62777,1.68731,1.19075,1.60181,1.28447,3.74338,4.14261,3.7276,4.14754, 
459,1582.136888,1552.963224,1394.429062,1368.177727,1344.161061,1588.102082,1525.031717,1337.732338,1.72349,1.21377,1.6347,1.30584,3.75949,4.15609,3.74338,4.16267, 
460,1582.290654,1553.012222,1394.520568,1368.066231,1344.111145,1588.274713,1525.022967,1337.618098,1.74651,1.23021,1.65772,1.32558,3.76081,4.16497,3.74897,4.16431, 
461,1581.828886,1552.997718,1394.038372,1367.671897,1344.178304,1588.72109,1525.332438,1337.584939,1.76459,1.23843,1.67745,1.34037,3.771,4.17056,3.75686,4.17648, 
462,1581.921721,1552.718385,1393.973063,1367.554744,1343.999066,1588.475135,1525.137517,1337.377568,1.77446,1.25158,1.68402,1.3486,3.76772,4.17451,3.75719,4.17944, 
463,1581.754996,1552.654024,1393.867002,1367.32118,1344.180225,1588.832883,1525.319785,1337.425041,1.82214,1.28283,1.73664,1.38641,3.78547,4.19391,3.77627,4.19917, 
464,1581.927454,1552.838006,1393.808515,1367.414448,1343.993453,1589.099593,1525.511135,1337.368237,1.83365,1.29762,1.74815,1.39628,3.79369,4.19917,3.78317,4.20509, 
465,1582.071565,1552.733987,1393.961331,1367.406509,1343.846343,1589.219365,1525.396356,1337.266647,1.86325,1.31242,1.77117,1.41272,3.80323,4.20805,3.78843,4.21364, 
466,1581.855818,1552.498638,1393.640346,1367.062118,1343.86414,1589.661183,1525.827613,1337.348517,1.86489,1.32393,1.78432,1.4193,3.80685,4.21265,3.79369,4.21857, 
467,1582.01372,1552.697288,1393.823575,1367.259231,1344.053934,1589.792646,1525.807588,1337.400367,1.91586,1.35517,1.82872,1.45218,3.82,4.22679,3.80751,4.23304, 
468,1581.97322,1552.618219,1393.834377,1367.154434,1344.326017,1590.335579,1526.216268,1337.400557,1.93559,1.37161,1.85338,1.4752,3.82822,4.23666,3.81573,4.24159, 
469,1581.520458,1552.554181,1393.407439,1366.771314,1344.07802,1590.187194,1525.84478,1337.086034,1.95697,1.38641,1.86818,1.48671,3.83349,4.24554,3.82296,4.24751, 
470,1582.496299,1553.194041,1394.052401,1367.571458,1343.996833,1590.323829,1525.901748,1336.977973,1.97835,1.4045,1.89778,1.50973,3.845,4.25113,3.82921,4.25804, 
471,1581.777508,1552.376725,1393.576878,1366.908498,1343.929031,1590.515128,1526.323188,1336.937066,2.00136,1.41601,1.91257,1.52453,3.84368,4.25409,3.8325,4.26165, 
472,1581.886819,1551.975085,1393.552301,1366.660544,1343.798062,1590.66268,1526.28744,1336.845013,2.05563,1.4604,1.97835,1.56893,3.86275,4.27546,3.84697,4.2804, 
473,1581.751375,1551.673898,1393.537984,1366.6505,1343.911619,1591.099965,1526.64651,1336.764764,2.07042,1.47191,1.98657,1.57715,3.87196,4.27908,3.85683,4.28862, 
474,1581.851879,1551.606632,1393.53139,1366.720797,1344.013619,1591.264598,1526.751377,1336.681219,2.10002,1.49822,2.01287,1.60345,3.87065,4.28993,3.86012,4.29552, 
475,1581.786452,1551.576645,1393.652602,1366.747448,1343.846338,1590.996619,1526.514441,1336.48741,2.11646,1.50973,2.03096,1.61661,3.88314,4.2952,3.86966,4.30309, 
476,1581.80648,1551.500692,1393.414845,1366.378738,1343.751563,1591.492967,1526.728174,1336.530299,2.1625,1.54591,2.08029,1.65607,3.89498,4.30901,3.8815,4.31723, 
477,1582.143571,1551.52545,1393.495054,1366.573255,1343.788909,1591.915366,1526.914054,1336.607126,2.19703,1.56399,2.11646,1.67745,3.90255,4.31953,3.88577,4.32479, 
478,1582.117926,1551.500302,1393.61103,1366.580773,1343.978929,1591.968842,1526.775134,1336.454328,2.20854,1.5755,2.12797,1.69718,3.91044,4.33005,3.89695,4.33104, 
479,1582.077077,1551.72841,1393.531418,1366.489211,1343.675057,1592.146028,1526.97279,1336.377888,2.25129,1.6051,2.16908,1.72184,3.91504,4.33466,3.90156,4.34091, 
480,1582.186536,1551.730929,1393.373769,1366.435928,1343.79667,1592.296501,1527.12354,1336.4541,2.27924,1.63141,2.20032,1.74979,3.92524,4.34321,3.90814,4.35044, 
481,1582.27831,1551.825016,1393.551266,1366.545045,1343.707307,1592.375889,1527.013613,1336.351113,2.3335,1.67251,2.25129,1.79419,3.94398,4.36031,3.92655,4.3659, 
482,1582.156047,1551.648607,1393.367563,1366.499306,1343.458953,1592.325252,1526.919417,1336.065333,2.34995,1.68238,2.26773,1.80899,3.93971,4.36425,3.92425,4.37116, 
483,1582.233305,1551.677904,1393.421718,1366.470981,1343.486068,1592.636745,1527.336614,1336.010483,2.38612,1.71362,2.30062,1.83529,3.95286,4.37445,3.93905,4.3807, 
484,1582.27374,1551.6579,1393.363483,1366.360054,1343.577434,1593.117107,1527.379851,1336.100256,2.41572,1.73171,2.3335,1.85996,3.96503,4.38366,3.94793,4.39122, 
485,1582.053186,1551.496078,1393.137382,1366.033191,1343.567398,1592.995904,1527.354616,1335.927995,2.4486,1.75801,2.3631,1.8912,3.96963,4.39451,3.95549,4.4001, 
486,1582.211716,1551.599509,1393.353516,1366.249959,1343.675929,1593.311218,1527.689519,1335.982949,2.48149,1.78761,2.3927,1.9208,3.97522,4.40306,3.96404,4.40964, 
487,1582.039576,1551.413728,1393.272333,1366.093094,1343.501458,1593.331136,1527.47648,1335.722108,2.50286,1.80405,2.41901,1.93395,3.98311,4.40701,3.967,4.41391, 
488,1582.25543,1551.386434,1393.123323,1366.095086,1343.363398,1593.446839,1527.508,1335.569322,2.55055,1.84516,2.46504,1.97835,3.99758,4.42345,3.98081,4.4297, 
489,1582.172901,1551.255784,1393.013768,1365.920926,1343.364839,1593.666308,1527.820114,1335.581118,2.57357,1.85831,2.47984,1.9915,4.00285,4.42739,3.98805,4.43627, 
490,1582.408609,1551.597924,1393.353276,1366.266079,1343.621604,1593.824493,1527.822883,1335.577612,2.61632,1.90107,2.5341,2.03589,4.01534,4.44055,4.00021,4.4514, 
491,1582.134937,1551.560869,1393.0873,1365.830429,1343.378812,1594.024221,1527.949384,1335.511002,2.63934,1.91422,2.55383,2.05069,4.00942,4.44745,4.0012,4.45337, 
492,1582.281179,1551.550344,1393.341507,1366.187293,1343.242545,1593.90461,1527.818532,1335.378725,2.69688,1.96519,2.61632,2.09838,4.02784,4.46094,4.01304,4.46883, 
493,1582.258158,1551.542198,1392.947649,1365.980764,1343.173939,1594.093425,1527.82575,1335.180058,2.72155,1.97999,2.63276,2.11646,4.03277,4.46686,4.02027,4.47409, 
494,1582.292047,1551.512618,1393.070849,1365.886981,1343.031687,1594.42915,1527.748861,1334.988579,2.75115,2.00959,2.66893,2.1477,4.04033,4.47574,4.02554,4.48363, 
495,1582.438529,1551.457301,1393.12717,1365.909382,1343.141325,1594.522617,1528.066548,1335.034452,2.79225,2.04412,2.71168,2.18552,4.05415,4.4856,4.03935,4.49448, 
496,1582.364727,1551.490523,1393.024736,1365.882357,1343.194857,1594.821418,1528.274257,1335.061587,2.80705,2.05727,2.72977,2.20032,4.05645,4.49119,4.04165,4.49908, 
497,1582.403938,1551.465032,1393.096748,1365.877039,1343.116454,1594.747493,1528.067264,1334.913059,2.87446,2.10824,2.79225,2.248,4.0673,4.50632,4.05316,4.51125, 
498,1582.114601,1551.384292,1392.884247,1365.594911,1342.90475,1594.830529,1528.057167,1334.829564,2.90899,2.13619,2.82185,2.28089,4.0844,4.51553,4.06566,4.51816, 
499,1582.366679,1551.570247,1392.830962,1365.842626,1342.87669,1594.979782,1528.068864,1334.63611,2.94681,2.17072,2.86789,2.31706,4.08868,4.52572,4.07289,4.53131, 
500,1582.32923,1551.601507,1392.888978,1365.711822,1342.879392,1595.18498,1528.336715,1334.591724,2.95832,2.18552,2.88269,2.32693,4.09131,4.52967,4.08045,4.53526, 
501,1582.367371,1551.601913,1392.973338,1365.807544,1342.693008,1595.288694,1528.287067,1334.523576,3.02738,2.23649,2.94846,2.38283,4.10939,4.54414,4.09394,4.55039, 
502,1582.583258,1552.087766,1393.364631,1366.058165,1342.760421,1595.445043,1528.287894,1334.389373,3.04711,2.26116,2.96983,2.40256,4.10643,4.54907,4.09525,4.55499, 
503,1582.203592,1551.661949,1392.952383,1365.746073,1342.821167,1595.555309,1528.331271,1334.24763,3.08822,2.29404,3.01094,2.43874,4.11827,4.55926,4.10676,4.56584, 
504,1582.613372,1551.580096,1393.084428,1365.970792,1342.810895,1595.742054,1528.377951,1334.362919,3.13097,2.32693,3.05369,2.47984,4.12748,4.56781,4.11137,4.57505, 
505,1582.50028,1551.759049,1392.880818,1365.810308,1342.727167,1595.944713,1528.488017,1334.283378,3.18194,2.36146,3.09644,2.51766,4.12814,4.57702,4.1186,4.58557, 
506,1583.019162,1552.022179,1393.038982,1366.01197,1342.680063,1595.929835,1528.378042,1334.204806,3.22469,2.40092,3.14083,2.55548,4.14524,4.58689,4.13307,4.59577, 
507,1582.984236,1551.736732,1392.95842,1365.88362,1342.140312,1596.331732,1528.803088,1334.04787,3.251,2.42065,3.16714,2.57521,4.14458,4.59182,4.13373,4.59906, 
508,1582.469806,1551.483741,1392.856744,1365.496033,1341.695627,1595.976912,1528.3602,1333.778496,3.31677,2.48313,3.23291,2.64098,4.15872,4.60662,4.14721,4.61484, 
509,1583.256318,1552.194271,1393.419411,1366.179833,1341.880628,1596.206267,1528.40893,1333.702242,3.36281,2.51931,3.27895,2.67551,4.17385,4.61747,4.15675,4.62438, 
510,1582.94752,1551.990936,1393.338254,1365.925263,1342.074447,1596.281485,1528.50049,1333.58105,3.4072,2.55548,3.32335,2.72155,4.1847,4.62668,4.16563,4.63326, 
511,1582.807918,1552.000079,1393.393911,1366.094009,1342.394341,1596.41745,1528.618772,1333.560624,3.42693,2.57685,3.34308,2.74128,4.18799,4.63063,4.16892,4.63819, 
512,1582.349319,1552.049438,1393.037803,1365.838408,1342.554402,1596.356129,1528.40771,1333.338831,3.47297,2.61632,3.39076,2.77581,4.20246,4.64115,4.17911,4.64838, 
513,1582.927119,1552.352803,1393.331994,1366.196912,1343.01059,1596.785518,1528.908314,1333.443356,3.53874,2.6788,3.4516,2.84322,4.20936,4.65595,4.19062,4.66252, 
514,1582.90879,1552.282219,1393.149683,1366.073547,1343.021489,1597.026365,1528.963825,1333.444996,3.55683,2.69688,3.47955,2.8646,4.21528,4.66055,4.1972,4.66713, 
515,1582.501205,1552.180705,1392.697764,1365.527777,1342.460826,1596.856909,1528.791429,1333.333352,3.6078,2.74128,3.51737,2.90899,4.22252,4.67042,4.2041,4.67634, 
516,1582.865782,1552.079643,1393.018516,1365.786531,1342.136804,1596.888942,1528.71978,1333.122317,3.62425,2.76101,3.54532,2.93366,4.22811,4.68028,4.21298,4.68258, 
517,1583.392215,1552.172321,1393.169898,1365.898824,1342.096037,1596.989488,1528.814122,1333.026569,3.71961,2.8498,3.64069,3.01916,4.23534,4.69508,4.22351,4.701, 
518,1583.173572,1552.142217,1393.22633,1365.785392,1341.858879,1596.865779,1528.649504,1332.654272,3.74428,2.87118,3.66042,3.04218,4.24751,4.69771,4.23074,4.70626, 
519,1583.287568,1552.249944,1393.290462,1365.916108,1342.034285,1597.170476,1528.821589,1332.840743,3.78703,2.91228,3.70646,3.08986,4.24784,4.70955,4.23765,4.71646, 
520,1583.314378,1552.019056,1393.2623,1365.700028,1341.828332,1597.185827,1528.862835,1332.726033,3.8084,2.93695,3.72948,3.1063,4.26264,4.71448,4.24521,4.72073, 
521,1583.288763,1552.081936,1393.187337,1365.54882,1341.770791,1597.25965,1528.880612,1332.6412,3.86266,2.98134,3.77716,3.15234,4.26198,4.72336,4.25047,4.72994, 
522,1583.472682,1552.140065,1393.227626,1365.857204,1341.751218,1597.501753,1529.06725,1332.687816,3.92514,3.04711,3.84622,3.22469,4.28138,4.73849,4.26494,4.74375, 
523,1583.265798,1551.91239,1393.052863,1365.763094,1341.572363,1597.449855,1529.04455,1332.794442,3.97118,3.08986,3.89061,3.27073,4.29256,4.7477,4.27448,4.75, 
524,1583.414377,1551.986329,1393.289029,1365.853801,1341.658477,1597.704157,1529.099363,1332.43247,3.99091,3.11288,3.91363,3.29211,4.28829,4.75263,4.27612,4.76052, 
525,1583.41293,1552.112836,1393.168733,1365.832636,1341.584538,1597.680954,1529.094827,1332.410536,4.01558,3.1359,3.93665,3.32006,4.30079,4.75658,4.28138,4.76282, 
526,1583.495246,1552.080282,1393.081138,1365.711122,1341.52056,1597.712057,1529.035829,1332.357882,4.11259,3.22469,4.03366,3.41214,4.31526,4.77664,4.2998,4.78256, 
527,1583.707712,1552.357937,1393.352274,1365.949151,1341.455316,1597.986181,1529.239099,1332.328535,4.13396,3.25264,4.05504,3.44173,4.31657,4.78091,4.30309,4.78815, 
528,1583.633724,1552.422331,1393.147779,1365.859292,1341.330451,1598.145696,1529.192536,1332.224191,4.18494,3.30033,4.10108,3.49106,4.32742,4.79078,4.3146,4.79703, 
529,1583.678351,1552.297823,1393.111272,1365.982555,1341.336803,1598.152385,1529.431533,1332.070339,4.20796,3.3217,4.13232,3.51244,4.33334,4.7967,4.31789,4.80196, 
530,1583.853138,1552.398459,1393.194755,1366.248545,1341.493001,1598.298006,1529.424374,1331.978032,4.28852,3.39898,4.21289,3.59136,4.34584,4.81149,4.334,4.81676, 
531,1583.592716,1552.383931,1392.992851,1366.036844,1341.509963,1598.331381,1529.391002,1331.874729,4.34279,3.4516,4.25728,3.64562,4.35965,4.82136,4.34025,4.82629, 
532,1583.671407,1552.122913,1393.036938,1366.253073,1341.415633,1598.424031,1529.423706,1331.811071,4.3658,3.47462,4.2803,3.667,4.36064,4.83123,4.34847,4.83057, 
533,1583.894759,1552.433345,1393.235904,1366.540197,1341.438046,1598.455266,1529.534312,1331.936543,4.41842,3.52066,4.33621,3.72126,4.3682,4.8355,4.3534,4.84208, 
534,1583.979202,1552.625066,1393.273545,1366.432103,1341.387866,1598.51047,1529.39017,1331.965001,4.43486,3.54532,4.36087,3.74756,4.37215,4.84076,4.35866,4.84602, 
535,1583.809827,1552.157145,1393.191328,1366.128791,1341.287071,1598.730667,1529.714345,1332.120172,4.53187,3.64562,4.45459,3.84951,4.38464,4.86017,4.3728,4.86707, 
536,1583.865308,1552.458638,1393.401528,1366.293889,1341.320499,1598.647222,1529.609825,1332.305782,4.54996,3.667,4.47597,3.87253,4.39451,4.86641,4.38037,4.87069, 
537,1583.918614,1552.491201,1393.277905,1366.074013,1341.333354,1598.966439,1529.696016,1332.138191,4.60751,3.71961,4.5253,3.92679,4.4001,4.87759,4.38596,4.88055, 
538,1583.960885,1552.362589,1393.31781,1365.994329,1341.346779,1599.164054,1529.94107,1331.979839,4.62889,3.74428,4.55161,3.94816,4.40339,4.88088,4.39122,4.88614, 
539,1584.097665,1552.423563,1393.447123,1365.995873,1341.428401,1599.170266,1529.848524,1331.712528,4.6963,3.81991,4.61902,4.02544,4.42016,4.89568,4.40503,4.90029, 
540,1584.273313,1552.845837,1393.538487,1366.233329,1341.51254,1599.317329,1530.03933,1331.835648,4.74563,3.86431,4.67164,4.06984,4.42542,4.90653,4.41227,4.91081, 
541,1584.077727,1552.610439,1393.405974,1365.967741,1341.494302,1599.386245,1530.091265,1331.877627,4.77522,3.89061,4.69959,4.09944,4.43989,4.91574,4.42476,4.91607, 
542,1584.136272,1552.409842,1393.396961,1365.932412,1341.592652,1599.598051,1530.305324,1332.073157,4.81962,3.9383,4.74727,4.1537,4.43627,4.921,4.42246,4.92462, 
543,1584.374752,1552.768362,1393.522377,1366.183641,1341.607789,1599.727226,1530.333883,1332.082194,4.87881,3.98598,4.79824,4.20631,4.4514,4.93153,4.43693,4.93481, 
544,1584.246469,1552.810663,1393.72382,1366.116213,1341.552318,1599.714402,1530.207814,1331.942507,4.94458,4.06326,4.87059,4.27866,4.46751,4.94468,4.4514,4.94994, 
545,1584.555785,1552.977752,1393.843573,1366.164138,1341.565428,1599.955618,1530.520054,1332.016812,4.97254,4.08299,4.90019,4.30332,4.46751,4.94928,4.45502,4.95487, 
546,1585.041215,1553.389853,1394.1784,1366.748724,1341.83032,1600.193967,1530.640373,1332.038999,5.01693,4.13561,4.94294,4.35594,4.47902,4.96112,4.46357,4.9654, 
547,1584.588844,1553.166401,1393.87099,1366.331826,1341.73519,1600.340997,1530.824868,1332.142425,5.06955,4.18165,4.99556,4.40691,4.48429,4.96934,4.47113,4.97362, 
548,1584.45394,1553.046388,1394.052743,1366.389016,1341.566258,1599.930046,1530.46119,1332.020061,5.11065,4.23098,5.04159,4.45459,4.49448,4.97789,4.48034,4.98447, 
549,1584.237429,1552.970996,1393.870012,1366.18876,1341.577197,1600.121787,1530.569308,1331.867827,5.16491,4.27701,5.07941,4.50063,4.50862,4.98743,4.49119,4.99236, 
550,1584.570361,1553.220319,1394.087741,1366.487721,1341.932798,1600.490575,1530.933444,1332.198172,5.18464,4.29675,5.10901,4.52365,4.50928,4.99269,4.49547,4.99861, 
551,1584.513656,1553.239681,1394.081244,1366.475637,1342.060295,1600.714695,1531.085507,1332.212609,5.24877,4.37403,5.16985,4.596,4.52309,5.0065,4.50928,5.01275, 
552,1584.86932,1553.649015,1394.361475,1366.706303,1341.87463,1600.674964,1531.077444,1332.205085,5.26028,4.39211,5.18958,4.61902,4.52539,5.01144,4.50796,5.01736, 
553,1584.605407,1553.764137,1394.326758,1366.624568,1341.788098,1600.489383,1530.941468,1331.921434,5.32605,4.45953,5.25206,4.68643,4.53559,5.02624,4.5221,5.03183, 
554,1584.61713,1553.747644,1394.29233,1366.546468,1341.858183,1600.383823,1531.025627,1331.974316, NaN, NaN, NaN, NaN, NaN, NaN, NaN, NaN, 
